algorithm,text_size_kb,keygen_time_ms,sign_time_ms,verify_time_ms,signature_length,overhead_bytes,total_time_ms,correctness,type,text_length_bytes,run_id,security_level_bits,security_level
Dilithium2,0.5,0.07317999984479684,0.11842999992950354,0.02781499983939284,2420,1908,0.21942499961369322,True,Signature,512,1,128,1
Dilithium2,0.5,0.0250059999871155,0.13043900003140152,0.02352599994992488,2420,1908,0.1789709999684419,True,Signature,512,2,128,1
Dilithium2,0.5,0.02214500000263797,0.02922899989243888,0.02267599984406843,2420,1908,0.07404999973914528,True,Signature,512,3,128,1
Dilithium3,0.5,0.09441299994250585,0.05778900003861054,0.035623000030682306,3293,2781,0.1878250000117987,True,Signature,512,1,192,2
Dilithium3,0.5,0.03534100005708751,0.09352799997941474,0.034246000041093794,3293,2781,0.16311500007759605,True,Signature,512,2,192,2
Dilithium3,0.5,0.03426199987188738,0.04245900004207215,0.03381800001989177,3293,2781,0.1105389999338513,True,Signature,512,3,192,2
Dilithium5,0.5,0.07979799988788727,0.10361499994360202,0.053757000159748713,4595,4083,0.237169999991238,True,Signature,512,1,256,3
Dilithium5,0.5,0.052746999926966964,0.08823300004223711,0.052266000011513825,4595,4083,0.1932459999807179,True,Signature,512,2,256,3
Dilithium5,0.5,0.05191800005377445,0.09955699988495326,0.06619599980695057,4595,4083,0.21767099974567827,True,Signature,512,3,256,3
ML-DSA-44,0.5,0.06623700005548017,0.07336500016208447,0.0245030000769475,2420,1908,0.16410500029451214,True,Signature,512,1,128,1
ML-DSA-44,0.5,0.022074000071370392,0.059114000123372534,0.02959299990834552,2420,1908,0.11078100010308845,True,Signature,512,2,128,1
ML-DSA-44,0.5,0.02547400004004885,0.13307399990480917,0.02348299994991976,2420,1908,0.18203099989477778,True,Signature,512,3,128,1
ML-DSA-65,0.5,0.04839999996875122,0.05996300001243071,0.03619600011006696,3309,2797,0.1445590000912489,True,Signature,512,1,192,2
ML-DSA-65,0.5,0.03500399998301873,0.04240299995217356,0.033947000019907136,3309,2797,0.11135399995509943,True,Signature,512,2,192,2
ML-DSA-65,0.5,0.03342700006214727,0.04194799998913368,0.03378200017323252,3309,2797,0.10915700022451347,True,Signature,512,3,192,2
ML-DSA-87,0.5,0.06666200010840839,0.12032199992972892,0.05764399998042791,4627,4115,0.24462800001856522,True,Signature,512,1,256,3
ML-DSA-87,0.5,0.05215999999563792,0.06280000002334418,0.05165700008546992,4627,4115,0.16661700010445202,True,Signature,512,2,256,3
ML-DSA-87,0.5,0.05219999979999557,0.08051600002545456,0.051364999990255455,4627,4115,0.18408099981570558,True,Signature,512,3,256,3
Falcon-512,0.5,4.264702000000398,0.18739799998002127,0.05869199981134443,655,143,4.510791999791763,True,Signature,512,1,128,1
Falcon-512,0.5,3.8315189999593713,0.16503799997735769,0.05214899988459365,656,144,4.048705999821323,True,Signature,512,2,128,1
Falcon-512,0.5,5.692825000096491,0.15952200010360684,0.05123699997966469,659,147,5.903584000179762,True,Signature,512,3,128,1
Falcon-1024,0.5,16.031690000090748,0.6175779999466613,0.19941100003961765,1266,754,16.848679000077027,True,Signature,512,1,256,3
Falcon-1024,0.5,13.60244700003932,0.3218909998849995,0.08691599987287191,1273,761,14.01125399979719,True,Signature,512,2,256,3
Falcon-1024,0.5,26.160686999901372,0.33750700004020473,0.08941700002651487,1272,760,26.587610999968092,True,Signature,512,3,256,3
Falcon-padded-512,0.5,6.4832800001113355,0.19848199985972315,0.03853699990941095,666,154,6.72029899988047,True,Signature,512,1,128,1
Falcon-padded-512,0.5,4.696880999972564,0.2656730000580865,0.055934000101842685,666,154,5.018488000132493,True,Signature,512,2,128,1
Falcon-padded-512,0.5,5.1469810000526195,0.21290000017870625,0.049239999952988,666,154,5.409121000184314,True,Signature,512,3,128,1
Falcon-padded-1024,0.5,18.979534999971293,0.35292400002617796,0.06908499995006423,1280,768,19.401543999947535,True,Signature,512,1,256,3
Falcon-padded-1024,0.5,13.497130000132529,0.40483199995833274,0.06935699980203935,1280,768,13.971318999892901,True,Signature,512,2,256,3
Falcon-padded-1024,0.5,26.957584999991013,0.5949930000497261,0.1194950000353856,1280,768,27.672073000076125,True,Signature,512,3,256,3
SPHINCS+-SHA2-128f-simple,0.5,0.5415199998424214,6.722807999949509,0.8910179999475076,17088,16576,8.155345999739438,True,Signature,512,1,128,1
SPHINCS+-SHA2-128f-simple,0.5,0.46529799988093146,8.30926499997986,0.7401330001357564,17088,16576,9.514695999996547,True,Signature,512,2,128,1
SPHINCS+-SHA2-128f-simple,0.5,0.2906229999553034,6.04690699992716,0.4628259998753492,17088,16576,6.800355999757812,True,Signature,512,3,128,1
SPHINCS+-SHA2-128s-simple,0.5,19.357986999921195,144.1682929998933,0.1999309999973775,7856,7344,163.72621099981188,True,Signature,512,1,128,1
SPHINCS+-SHA2-128s-simple,0.5,16.003874000034557,134.56968200011943,0.1997730000766751,7856,7344,150.77332900023066,True,Signature,512,2,128,1
SPHINCS+-SHA2-128s-simple,0.5,16.771567999967374,137.60936000016954,0.19649399996524153,7856,7344,154.57742200010216,True,Signature,512,3,128,1
SPHINCS+-SHA2-192f-simple,0.5,0.5235769999671902,19.130593999989287,0.8390499999677559,35664,35152,20.493220999924233,True,Signature,512,1,192,2
SPHINCS+-SHA2-192f-simple,0.5,0.4300939999666298,9.948881000127585,0.69430099983947,35664,35152,11.073275999933685,True,Signature,512,2,192,2
SPHINCS+-SHA2-192f-simple,0.5,0.3661890000330459,11.890212000025713,1.0150260000045819,35664,35152,13.27142700006334,True,Signature,512,3,192,2
SPHINCS+-SHA2-192s-simple,0.5,24.330288999863114,254.66291700013244,0.6582999999409367,16224,15712,279.6515059999365,True,Signature,512,1,192,2
SPHINCS+-SHA2-192s-simple,0.5,28.386472999955004,267.3640499999692,0.31856000009611307,16224,15712,296.0690830000203,True,Signature,512,2,192,2
SPHINCS+-SHA2-192s-simple,0.5,33.59843299995191,265.06149700003334,0.3248739999435202,16224,15712,298.9848039999288,True,Signature,512,3,192,2
SPHINCS+-SHA2-256f-simple,0.5,1.1378579999927751,20.623176000071908,0.7073849999414961,49856,49344,22.46841900000618,True,Signature,512,1,256,3
SPHINCS+-SHA2-256f-simple,0.5,0.9874519998902542,20.36715200006256,0.70882599993638,49856,49344,22.063429999889195,True,Signature,512,2,256,3
SPHINCS+-SHA2-256f-simple,0.5,0.9600380001302256,20.406824000019697,0.7112250000318454,49856,49344,22.078087000181768,True,Signature,512,3,256,3
SPHINCS+-SHA2-256s-simple,0.5,21.665635999852384,240.10908899981587,0.41911399989658094,29792,29280,262.19383899956483,True,Signature,512,1,256,3
SPHINCS+-SHA2-256s-simple,0.5,18.82401500006381,216.98157399987394,0.3777489998810779,29792,29280,236.18333799981883,True,Signature,512,2,256,3
SPHINCS+-SHA2-256s-simple,0.5,14.035592000027464,215.65243899999587,0.6166279999888502,29792,29280,230.30465900001218,True,Signature,512,3,256,3
SPHINCS+-SHAKE-128f-simple,0.5,0.4313550000460964,11.75198900000396,0.6863470000553207,17088,16576,12.869691000105377,True,Signature,512,1,128,1
SPHINCS+-SHAKE-128f-simple,0.5,0.5043579999437497,9.366211999804364,0.6920540001829067,17088,16576,10.56262399993102,True,Signature,512,2,128,1
SPHINCS+-SHAKE-128f-simple,0.5,0.4087190000063856,10.463225999956194,0.6937890000244806,17088,16576,11.56573399998706,True,Signature,512,3,128,1
SPHINCS+-SHAKE-128s-simple,0.5,25.305334999984552,229.65478600008282,0.36366899985296186,7856,7344,255.32378999992034,True,Signature,512,1,128,1
SPHINCS+-SHAKE-128s-simple,0.5,29.31768399980683,232.08604699993884,0.29756899994026753,7856,7344,261.70129999968594,True,Signature,512,2,128,1
SPHINCS+-SHAKE-128s-simple,0.5,26.281711000137875,226.68585200017333,0.3032280001207255,7856,7344,253.27079100043193,True,Signature,512,3,128,1
SPHINCS+-SHAKE-192f-simple,0.5,0.6264890000693413,18.282203999888225,1.017683999862129,35664,35152,19.926376999819695,True,Signature,512,1,192,2
SPHINCS+-SHAKE-192f-simple,0.5,0.5916610000440414,28.300399000045218,1.0123669999302365,35664,35152,29.904427000019496,True,Signature,512,2,192,2
SPHINCS+-SHAKE-192f-simple,0.5,0.6307359999482287,15.47903799996675,1.0111720000622881,35664,35152,17.120945999977266,True,Signature,512,3,192,2
SPHINCS+-SHAKE-192s-simple,0.5,38.79175900010523,367.6836260001437,0.41572500003894675,16224,15712,406.8911100002879,True,Signature,512,1,192,2
SPHINCS+-SHAKE-192s-simple,0.5,48.02323399985653,385.77200300005643,0.3913079999620095,16224,15712,434.18654499987497,True,Signature,512,2,192,2
SPHINCS+-SHAKE-192s-simple,0.5,50.24256600017907,393.87355099984234,0.4727299999558454,16224,15712,444.58884699997725,True,Signature,512,3,192,2
SPHINCS+-SHAKE-256f-simple,0.5,1.6414379999787343,33.195000999967306,0.9611670000140293,49856,49344,35.79760599996007,True,Signature,512,1,256,3
SPHINCS+-SHAKE-256f-simple,0.5,1.5116560000478785,32.42336899984366,1.5448659999037773,49856,49344,35.479890999795316,True,Signature,512,2,256,3
SPHINCS+-SHAKE-256f-simple,0.5,3.522110999938377,31.446190999986356,0.9854649999851972,49856,49344,35.95376699990993,True,Signature,512,3,256,3
SPHINCS+-SHAKE-256s-simple,0.5,29.583337000076426,320.18965699990076,0.5712999998195301,29792,29280,350.3442939997967,True,Signature,512,1,256,3
SPHINCS+-SHAKE-256s-simple,0.5,25.192271000150868,329.491771000221,0.5558949999340257,29792,29280,355.2399370003059,True,Signature,512,2,256,3
SPHINCS+-SHAKE-256s-simple,0.5,27.732604000220817,325.3105879998657,0.566693000109808,29792,29280,353.6098850001963,True,Signature,512,3,256,3
Dilithium2,0.6,0.11355900005582953,0.09147999980996246,0.03515499997774896,2420,1806,0.24019399984354095,True,Signature,614,1,128,1
Dilithium2,0.6,0.0320290000672685,0.06121699993855145,0.03131599987682421,2420,1806,0.12456199988264416,True,Signature,614,2,128,1
Dilithium2,0.6,0.029537000045820605,0.08550799998374714,0.03399900015210733,2420,1806,0.14904400018167507,True,Signature,614,3,128,1
Dilithium3,0.6,0.07785499997225998,0.07359400001405447,0.04786299996339949,3293,2679,0.19931199994971394,True,Signature,614,1,192,2
Dilithium3,0.6,0.04618599996319972,0.20516500012490724,0.04604400010066456,3293,2679,0.2973950001887715,True,Signature,614,2,192,2
Dilithium3,0.6,0.04522099993664597,0.05633099999613478,0.05030199986322259,3293,2679,0.15185399979600334,True,Signature,614,3,192,2
Dilithium5,0.6,0.10103399995387008,0.13602699982584454,0.06561700001839199,4595,3981,0.3026779997981066,True,Signature,614,1,256,3
Dilithium5,0.6,0.06434299984903191,0.09595699998499185,0.06333300007099751,4595,3981,0.22363299990502128,True,Signature,614,2,256,3
Dilithium5,0.6,0.06378299985954072,0.19060199997511518,0.07717600010437309,4595,3981,0.331560999939029,True,Signature,614,3,256,3
ML-DSA-44,0.6,0.04712000009021722,0.10309100002814375,0.02790000007735216,2420,1806,0.17811100019571313,True,Signature,614,1,128,1
ML-DSA-44,0.6,0.024784000061117695,0.11509699993439426,0.026232999971398385,2420,1806,0.16611399996691034,True,Signature,614,2,128,1
ML-DSA-44,0.6,0.02475200017215684,0.05906199999117234,0.02610900014587969,2420,1806,0.10992300030920887,True,Signature,614,3,128,1
ML-DSA-65,0.6,0.05613799999082403,0.11001999996551604,0.04311700013204245,3309,2695,0.2092750000883825,True,Signature,614,1,192,2
ML-DSA-65,0.6,0.03949400002056791,0.13237999996817962,0.03776100015784323,3309,2695,0.20963500014659076,True,Signature,614,2,192,2
ML-DSA-65,0.6,0.03722799988281622,0.046384999905058066,0.037639000083800056,3309,2695,0.12125199987167434,True,Signature,614,3,192,2
ML-DSA-87,0.6,0.07288599999810685,0.08052600014707423,0.058422999927643104,4627,4013,0.2118350000728242,True,Signature,614,1,256,3
ML-DSA-87,0.6,0.05719599994336022,0.06937399984963122,0.05763199987995904,4627,4013,0.18420199967295048,True,Signature,614,2,256,3
ML-DSA-87,0.6,0.05758499992225552,0.08171200011020119,0.05330800013325643,4627,4013,0.19260500016571314,True,Signature,614,3,256,3
Falcon-512,0.6,3.7106190000031347,0.17888799993670546,0.04521999994722137,654,40,3.9347269998870615,True,Signature,614,1,128,1
Falcon-512,0.6,4.945593999991615,0.20074300005035184,0.06514599999718484,656,42,5.211483000039152,True,Signature,614,2,128,1
Falcon-512,0.6,3.9035049999256444,0.1696819999779109,0.036242999840396806,656,42,4.109429999743952,True,Signature,614,3,128,1
Falcon-1024,0.6,11.204750999922908,0.3217510000013135,0.07843299999876763,1277,663,11.604934999922989,True,Signature,614,1,256,3
Falcon-1024,0.6,21.8552629999067,0.3250839999964228,0.09858200019152719,1271,657,22.27892900009465,True,Signature,614,2,256,3
Falcon-1024,0.6,12.801447000128974,0.31736799996906484,0.06736099999216094,1277,663,13.1861760000902,True,Signature,614,3,256,3
Falcon-padded-512,0.6,7.088174999807961,0.4637690001345618,0.0820420000309241,666,52,7.633985999973447,True,Signature,614,1,128,1
Falcon-padded-512,0.6,4.830134000030739,0.19292599995424098,0.041803999920375645,666,52,5.064863999905356,True,Signature,614,2,128,1
Falcon-padded-512,0.6,4.110611999976754,0.16249700001935707,0.0359079999725509,666,52,4.309016999968662,True,Signature,614,3,128,1
Falcon-padded-1024,0.6,13.744715000029828,0.38873499988767435,0.07546899996668799,1280,666,14.20891899988419,True,Signature,614,1,256,3
Falcon-padded-1024,0.6,14.634929000067132,0.3729120001025876,0.06544199982272403,1280,666,15.073282999992443,True,Signature,614,2,256,3
Falcon-padded-1024,0.6,16.280365000056918,0.32233100000667037,0.06616699988626351,1280,666,16.66886299994985,True,Signature,614,3,256,3
SPHINCS+-SHA2-128f-simple,0.6,0.29266500018820807,6.590189999997165,0.472362999971665,17088,16474,7.355218000157038,True,Signature,614,1,128,1
SPHINCS+-SHA2-128f-simple,0.6,0.2549820001149783,5.746707999833234,0.4616909998276242,17088,16474,6.463380999775836,True,Signature,614,2,128,1
SPHINCS+-SHA2-128f-simple,0.6,0.24770100003479456,10.03490299990517,1.0214219998943008,17088,16474,11.304025999834266,True,Signature,614,3,128,1
SPHINCS+-SHA2-128s-simple,0.6,19.981167999958416,121.94140799988418,0.17649200003688748,7856,7242,142.09906799987948,True,Signature,614,1,128,1
SPHINCS+-SHA2-128s-simple,0.6,15.925733000131004,154.5678620000217,0.2744569999322266,7856,7242,170.76805200008494,True,Signature,614,2,128,1
SPHINCS+-SHA2-128s-simple,0.6,17.154072000039378,141.72251600007257,0.21693700000469107,7856,7242,159.09352500011664,True,Signature,614,3,128,1
SPHINCS+-SHA2-192f-simple,0.6,0.4470249998576037,9.877652000113812,0.6972940000196104,35664,35050,11.021970999991026,True,Signature,614,1,192,2
SPHINCS+-SHA2-192f-simple,0.6,0.37324599998100894,9.884832999887294,2.225692999900275,35664,35050,12.483771999768578,True,Signature,614,2,192,2
SPHINCS+-SHA2-192f-simple,0.6,0.8572500000809669,13.40437099997871,0.6971919999614329,35664,35050,14.95881300002111,True,Signature,614,3,192,2
SPHINCS+-SHA2-192s-simple,0.6,24.138805000120556,250.0094930001069,0.3079310001794511,16224,15610,274.4562290004069,True,Signature,614,1,192,2
SPHINCS+-SHA2-192s-simple,0.6,31.81749000009404,235.3137190000325,0.31283599992093514,16224,15610,267.4440450000475,True,Signature,614,2,192,2
SPHINCS+-SHA2-192s-simple,0.6,23.050019000038446,255.92726300010327,0.30281399995146785,16224,15610,279.2800960000932,True,Signature,614,3,192,2
SPHINCS+-SHA2-256f-simple,0.6,0.9425160001228505,24.85231999980897,0.6570370001099946,49856,49242,26.451873000041815,True,Signature,614,1,256,3
SPHINCS+-SHA2-256f-simple,0.6,0.8936710000853054,22.24362999982077,1.4828269997906318,49856,49242,24.620127999696706,True,Signature,614,2,256,3
SPHINCS+-SHA2-256f-simple,0.6,1.6925980000905838,23.232323999991422,0.6392570001025888,49856,49242,25.564179000184595,True,Signature,614,3,256,3
SPHINCS+-SHA2-256s-simple,0.6,14.010002999839344,208.59092299997428,0.38805600001978746,29792,29178,222.9889819998334,True,Signature,614,1,256,3
SPHINCS+-SHA2-256s-simple,0.6,14.03682199998002,217.93619799996122,0.3597060001538921,29792,29178,232.33272600009514,True,Signature,614,2,256,3
SPHINCS+-SHA2-256s-simple,0.6,13.962338000055752,206.03202000006604,0.3763669999443664,29792,29178,220.37072500006616,True,Signature,614,3,256,3
SPHINCS+-SHAKE-128f-simple,0.6,0.42132199996558484,9.270710000009785,0.6574540000201523,17088,16474,10.349485999995522,True,Signature,614,1,128,1
SPHINCS+-SHAKE-128f-simple,0.6,0.4290469998977642,9.275279999883423,0.6923370001459261,17088,16474,10.396663999927114,True,Signature,614,2,128,1
SPHINCS+-SHAKE-128f-simple,0.6,0.4101029999219463,10.531270000001314,1.172166999822366,17088,16474,12.113539999745626,True,Signature,614,3,128,1
SPHINCS+-SHAKE-128s-simple,0.6,25.47251500004677,215.0891710000451,0.2874209999390587,7856,7242,240.84910700003093,True,Signature,614,1,128,1
SPHINCS+-SHAKE-128s-simple,0.6,26.42555500005983,211.46843900010026,0.2838499999597843,7856,7242,238.17784400011988,True,Signature,614,2,128,1
SPHINCS+-SHAKE-128s-simple,0.6,27.322517000129665,224.14802000002965,0.2906059999077115,7856,7242,251.76114300006702,True,Signature,614,3,128,1
SPHINCS+-SHAKE-192f-simple,0.6,0.6047060001037607,19.947343000012552,2.092156000117029,35664,35050,22.64420500023334,True,Signature,614,1,192,2
SPHINCS+-SHAKE-192f-simple,0.6,0.6142629999885685,17.6464329999817,1.0084020000249438,35664,35050,19.26909799999521,True,Signature,614,2,192,2
SPHINCS+-SHAKE-192f-simple,0.6,0.6042429999979504,14.992792000157351,0.9756829999787442,35664,35050,16.572718000134046,True,Signature,614,3,192,2
SPHINCS+-SHAKE-192s-simple,0.6,37.10948000002645,401.16516499983845,0.8846009998251247,16224,15610,439.15924599969003,True,Signature,614,1,192,2
SPHINCS+-SHAKE-192s-simple,0.6,46.66220300009627,370.5910839998978,0.3933010000309878,16224,15610,417.6465880000251,True,Signature,614,2,192,2
SPHINCS+-SHAKE-192s-simple,0.6,37.967549000086365,375.17848399988907,0.39536999997835665,16224,15610,413.5414029999538,True,Signature,614,3,192,2
SPHINCS+-SHAKE-256f-simple,0.6,1.5458099999250408,30.743612000151188,0.9981480000078591,49856,49242,33.28757000008409,True,Signature,614,1,256,3
SPHINCS+-SHAKE-256f-simple,0.6,1.5490410000893462,30.93996600000537,1.0446040000715584,49856,49242,33.533611000166275,True,Signature,614,2,256,3
SPHINCS+-SHAKE-256f-simple,0.6,1.5563160000056087,30.46206500016524,0.9912870000334806,49856,49242,33.00966800020433,True,Signature,614,3,256,3
SPHINCS+-SHAKE-256s-simple,0.6,30.033256000024267,329.761402000031,0.5473250000704866,29792,29178,360.34198300012577,True,Signature,614,1,256,3
SPHINCS+-SHAKE-256s-simple,0.6,29.426052999951935,312.0837389999451,0.5674189999353985,29792,29178,342.07721099983246,True,Signature,614,2,256,3
SPHINCS+-SHAKE-256s-simple,0.6,25.2665129999059,334.234719000051,0.5383989998790639,29792,29178,360.03963099983594,True,Signature,614,3,256,3
Dilithium2,0.7,0.07168000001911423,0.05742399980590562,0.025843999992503086,2420,1704,0.15494799981752294,True,Signature,716,1,128,1
Dilithium2,0.7,0.022735999891665415,0.03038999989257718,0.038247000020419364,2420,1704,0.09137299980466196,True,Signature,716,2,128,1
Dilithium2,0.7,0.11432900009822333,0.12215399988235731,0.039237000009961776,2420,1704,0.2757199999905424,True,Signature,716,3,128,1
Dilithium3,0.7,0.09840999996413302,0.14747799991710053,0.051901000006182585,3293,2577,0.29778899988741614,True,Signature,716,1,192,2
Dilithium3,0.7,0.05173899990040809,0.06326800007627753,0.05066799985797843,3293,2577,0.16567499983466405,True,Signature,716,2,192,2
Dilithium3,0.7,0.04965500011167023,0.096149000000878,0.05231999989518954,3293,2577,0.19812400000773778,True,Signature,716,3,192,2
Dilithium5,0.7,0.11632900009317382,0.3281310000602389,0.07993600002009771,4595,3879,0.5243960001735104,True,Signature,716,1,256,3
Dilithium5,0.7,0.07426000001942157,0.09884199994303344,0.07183200000326906,4595,3879,0.24493399996572407,True,Signature,716,2,256,3
Dilithium5,0.7,0.09587500017005368,0.23650700018151838,0.07484100001420302,4595,3879,0.4072230003657751,True,Signature,716,3,256,3
ML-DSA-44,0.7,0.04911599990009563,0.12002599987681606,0.031046000003698282,2420,1704,0.20018799978060997,True,Signature,716,1,128,1
ML-DSA-44,0.7,0.027726999860533397,0.049055999852498644,0.029045000019323197,2420,1704,0.10582799973235524,True,Signature,716,2,128,1
ML-DSA-44,0.7,0.026859000172407832,0.09750000003805326,0.02872300001399708,2420,1704,0.15308200022445817,True,Signature,716,3,128,1
ML-DSA-65,0.7,0.06134799991741602,0.07861799986130791,0.045650000174646266,3309,2593,0.1856159999533702,True,Signature,716,1,192,2
ML-DSA-65,0.7,0.04380499990475073,0.33451300009801344,0.12590300002557342,3309,2593,0.5042210000283376,True,Signature,716,2,192,2
ML-DSA-65,0.7,0.04749999993691745,0.05499100007000379,0.042611000026226975,3309,2593,0.14510200003314822,True,Signature,716,3,192,2
ML-DSA-87,0.7,0.10019900014412997,0.09630199997445743,0.0908469999103545,4627,3911,0.2873480000289419,True,Signature,716,1,256,3
ML-DSA-87,0.7,0.0690559998020035,0.08017400000426278,0.06461999987550371,4627,3911,0.21384999968177,True,Signature,716,2,256,3
ML-DSA-87,0.7,0.07643300000381714,0.38323500007209077,0.06514700021398312,4627,3911,0.524815000289891,True,Signature,716,3,256,3
Falcon-512,0.7,4.3000730001949705,0.18171300007452373,0.048116000016307225,654,-62,4.5299020002858015,True,Signature,716,1,128,1
Falcon-512,0.7,4.452513999922303,0.15788399991834012,0.0523439998687536,658,-58,4.662741999709397,True,Signature,716,2,128,1
Falcon-512,0.7,3.8698210000802646,0.1588250001987035,0.051182000106564374,655,-61,4.0798280003855325,True,Signature,716,3,128,1
Falcon-1024,0.7,11.227679999819884,0.32852399999683257,0.07831200014152273,1273,557,11.63451599995824,True,Signature,716,1,256,3
Falcon-1024,0.7,17.967305999945893,0.3133039999738685,0.06675899999208923,1273,557,18.34736899991185,True,Signature,716,2,256,3
Falcon-1024,0.7,30.089054999962173,0.5280909999783034,0.13608499989459233,1271,555,30.75323099983507,True,Signature,716,3,256,3
Falcon-padded-512,0.7,4.048539999985223,0.18126899999515445,0.038485999994009035,666,-50,4.268294999974387,True,Signature,716,1,128,1
Falcon-padded-512,0.7,14.634919999934937,0.5561880000186648,0.10138100014955853,666,-50,15.29248900010316,True,Signature,716,2,128,1
Falcon-padded-512,0.7,8.796297000117193,2.97730500005855,0.061871000070823357,666,-50,11.835473000246566,True,Signature,716,3,128,1
Falcon-padded-1024,0.7,11.416736999990462,0.33632700001362537,0.06771200014554779,1280,564,11.820776000149635,True,Signature,716,1,256,3
Falcon-padded-1024,0.7,15.989009999884729,0.35116300000481715,0.07008199986557884,1280,564,16.410254999755125,True,Signature,716,2,256,3
Falcon-padded-1024,0.7,14.387022999926558,0.3037899998616922,0.06551499996021448,1280,564,14.756327999748464,True,Signature,716,3,256,3
SPHINCS+-SHA2-128f-simple,0.7,0.2854800000022806,6.508000999929209,0.4654260001188959,17088,16372,7.258907000050385,True,Signature,716,1,128,1
SPHINCS+-SHA2-128f-simple,0.7,0.2508180000404536,5.7530720000613655,0.4570109999804117,17088,16372,6.460901000082231,True,Signature,716,2,128,1
SPHINCS+-SHA2-128f-simple,0.7,0.2501139999822044,5.782797000165374,0.44151999986752344,17088,16372,6.474431000015102,True,Signature,716,3,128,1
SPHINCS+-SHA2-128s-simple,0.7,15.479663999940385,132.28005200016923,0.18810699998539349,7856,7140,147.947823000095,True,Signature,716,1,128,1
SPHINCS+-SHA2-128s-simple,0.7,16.122352000138562,129.09147199979998,0.17998299995269917,7856,7140,145.39380699989124,True,Signature,716,2,128,1
SPHINCS+-SHA2-128s-simple,0.7,16.947458999993614,139.45483900010913,0.1812949999475677,7856,7140,156.5835930000503,True,Signature,716,3,128,1
SPHINCS+-SHA2-192f-simple,0.7,0.4201819999707368,12.737107000020842,1.3056010000127571,35664,34948,14.462890000004336,True,Signature,716,1,192,2
SPHINCS+-SHA2-192f-simple,0.7,0.6397729998752766,10.135863000186873,0.6889020000926394,35664,34948,11.46453800015479,True,Signature,716,2,192,2
SPHINCS+-SHA2-192f-simple,0.7,0.36904599983245134,10.130902999890168,0.6845729999440664,35664,34948,11.184521999666686,True,Signature,716,3,192,2
SPHINCS+-SHA2-192s-simple,0.7,28.324505999989924,238.10169800003678,0.30022299984011624,16224,15508,266.7264269998668,True,Signature,716,1,192,2
SPHINCS+-SHA2-192s-simple,0.7,31.931428000007145,246.2532629999714,0.33567299988135346,16224,15508,278.5203639998599,True,Signature,716,2,192,2
SPHINCS+-SHA2-192s-simple,0.7,33.710487999996985,257.441272999813,0.29179000011936296,16224,15508,291.44355099992936,True,Signature,716,3,192,2
SPHINCS+-SHA2-256f-simple,0.7,0.9476039999753993,20.26380999996036,1.4687169998524041,49856,49140,22.68013099978816,True,Signature,716,1,256,3
SPHINCS+-SHA2-256f-simple,0.7,1.6999609999857057,20.22817300007773,0.7569980000425858,49856,49140,22.685132000106023,True,Signature,716,2,256,3
SPHINCS+-SHA2-256f-simple,0.7,1.0645649999787565,19.245804000092903,0.6401799998911883,49856,49140,20.950548999962848,True,Signature,716,3,256,3
SPHINCS+-SHA2-256s-simple,0.7,21.890551000069536,210.38887200006684,0.3769560000819183,29792,29076,232.6563790002183,True,Signature,716,1,256,3
SPHINCS+-SHA2-256s-simple,0.7,14.024724999899263,202.65247700012878,0.395549000131723,29792,29076,217.07275100015977,True,Signature,716,2,256,3
SPHINCS+-SHA2-256s-simple,0.7,14.48347699988517,220.3351749999456,0.402974999815342,29792,29076,235.2216269996461,True,Signature,716,3,256,3
SPHINCS+-SHAKE-128f-simple,0.7,0.4236289998971188,14.17127700005949,0.7220140000754327,17088,16372,15.316920000032042,True,Signature,716,1,128,1
SPHINCS+-SHAKE-128f-simple,0.7,0.4233259999182337,10.705337999979747,0.706490000084159,17088,16372,11.83515399998214,True,Signature,716,2,128,1
SPHINCS+-SHAKE-128f-simple,0.7,0.3977139999733481,9.28606000002219,0.7023580001259688,17088,16372,10.386132000121506,True,Signature,716,3,128,1
SPHINCS+-SHAKE-128s-simple,0.7,25.248068000109924,214.28710399982265,0.2895590000662196,7856,7140,239.8247309999988,True,Signature,716,1,128,1
SPHINCS+-SHAKE-128s-simple,0.7,27.239322000014,224.20490300009988,0.34125700017284544,7856,7140,251.78548200028672,True,Signature,716,2,128,1
SPHINCS+-SHAKE-128s-simple,0.7,29.60366000002068,230.70549500016568,0.3120090000265918,7856,7140,260.62116400021296,True,Signature,716,3,128,1
SPHINCS+-SHAKE-192f-simple,0.7,0.6021600001986371,15.938319000042611,1.0309229999165836,35664,34948,17.571402000157832,True,Signature,716,1,192,2
SPHINCS+-SHAKE-192f-simple,0.7,0.5935009999120666,18.34296600009111,2.2023530000296887,35664,34948,21.138820000032865,True,Signature,716,2,192,2
SPHINCS+-SHAKE-192f-simple,0.7,1.31560900013028,16.46550999998908,0.9764159999576805,35664,34948,18.75753500007704,True,Signature,716,3,192,2
SPHINCS+-SHAKE-192s-simple,0.7,36.97026000008918,361.53966100005164,0.396117000036611,16224,15508,398.90603800017743,True,Signature,716,1,192,2
SPHINCS+-SHAKE-192s-simple,0.7,36.98422299999038,361.99220200001037,0.38552499995603284,16224,15508,399.3619499999568,True,Signature,716,2,192,2
SPHINCS+-SHAKE-192s-simple,0.7,51.70104199987691,377.01595099997576,0.4018590000214317,16224,15508,429.1188519998741,True,Signature,716,3,192,2
SPHINCS+-SHAKE-256f-simple,0.7,1.547049999999217,36.64008600003399,1.015966000068147,49856,49140,39.20310200010135,True,Signature,716,1,256,3
SPHINCS+-SHAKE-256f-simple,0.7,1.5236510000704584,32.44539000002078,1.02359500010607,49856,49140,34.99263600019731,True,Signature,716,2,256,3
SPHINCS+-SHAKE-256f-simple,0.7,1.552238000158468,32.45261799997934,0.9944329999598267,49856,49140,34.99928900009763,True,Signature,716,3,256,3
SPHINCS+-SHAKE-256s-simple,0.7,24.712635000014416,319.99094899992997,0.5477080001128343,29792,29076,345.2512920000572,True,Signature,716,1,256,3
SPHINCS+-SHAKE-256s-simple,0.7,27.319786000134627,329.5254350000505,0.5754759999945236,29792,29076,357.42069700017964,True,Signature,716,2,256,3
SPHINCS+-SHAKE-256s-simple,0.7,24.03165100008664,310.53524899994045,0.5495890000020154,29792,29076,335.1164890000291,True,Signature,716,3,256,3
Dilithium2,1.0,0.09989200020754652,0.15853499985496455,0.02697600007195433,2420,1396,0.2854030001344654,True,Signature,1024,1,128,1
Dilithium2,1.0,0.023927000029289047,0.040283000089402776,0.02352899991819868,2420,1396,0.0877390000368905,True,Signature,1024,2,128,1
Dilithium2,1.0,0.0219060000290483,0.04562399999485933,0.02344000017728831,2420,1396,0.09097000020119594,True,Signature,1024,3,128,1
Dilithium3,1.0,0.06088800000725314,0.08406599999943865,0.03625599993029027,3293,2269,0.18120999993698206,True,Signature,1024,1,192,2
Dilithium3,1.0,0.034543999845482176,0.06332499992822704,0.03511599993544223,3293,2269,0.13298499970915145,True,Signature,1024,2,192,2
Dilithium3,1.0,0.03424199985602172,0.05215900000621332,0.035212000057072146,3293,2269,0.12161299991930719,True,Signature,1024,3,192,2
Dilithium5,1.0,0.07907500003057066,0.09183099996334931,0.055398000085915555,4595,3571,0.22630400007983553,True,Signature,1024,1,256,3
Dilithium5,1.0,0.05312400003276707,0.15008499985924573,0.0527710001279047,4595,3571,0.2559800000199175,True,Signature,1024,2,256,3
Dilithium5,1.0,0.05247600006441644,0.11515100004544365,0.0558760000330949,4595,3571,0.223503000142955,True,Signature,1024,3,256,3
ML-DSA-44,1.0,0.038678000009895186,0.050496000085331616,0.02513100002943247,2420,1396,0.11430500012465927,True,Signature,1024,1,128,1
ML-DSA-44,1.0,0.02155499987566145,0.04585700003190141,0.0234550000186573,2420,1396,0.09086699992622016,True,Signature,1024,2,128,1
ML-DSA-44,1.0,0.021538999817494187,0.08584000011069293,0.023277000082089216,2420,1396,0.13065600001027633,True,Signature,1024,3,128,1
ML-DSA-65,1.0,0.0494000000799133,0.07411399997181434,0.03664399991976097,3309,2285,0.1601579999714886,True,Signature,1024,1,192,2
ML-DSA-65,1.0,0.034234999930049526,0.10270600000694685,0.03649800009952742,3309,2285,0.1734390000365238,True,Signature,1024,2,192,2
ML-DSA-65,1.0,0.03473399988251913,0.26807199992617825,0.035098000125799445,3309,2285,0.3379039999344968,True,Signature,1024,3,192,2
ML-DSA-87,1.0,0.06958300014048291,0.14742899998054781,0.0549810001757578,4627,3603,0.2719930002967885,True,Signature,1024,1,256,3
ML-DSA-87,1.0,0.05406700006460596,0.11077399994974257,0.0543230000857875,4627,3603,0.21916400010013604,True,Signature,1024,2,256,3
ML-DSA-87,1.0,0.062330999980986235,0.07056799995552865,0.05554300014409819,4627,3603,0.18844200008061307,True,Signature,1024,3,256,3
Falcon-512,1.0,3.4967710000728403,0.1928500000758504,0.050716000032480224,656,-368,3.740337000181171,True,Signature,1024,1,128,1
Falcon-512,1.0,3.6386169999786944,0.1609979999557254,0.051185999836889096,654,-370,3.850800999771309,True,Signature,1024,2,128,1
Falcon-512,1.0,3.971732000081829,0.16014100015127042,0.05239300003267999,653,-371,4.184266000265779,True,Signature,1024,3,128,1
Falcon-1024,1.0,13.636800000085714,0.36062300000594405,0.08380799999940791,1275,251,14.081231000091066,True,Signature,1024,1,256,3
Falcon-1024,1.0,13.247483999975884,0.3121740001006401,0.09430799991605454,1270,246,13.653965999992579,True,Signature,1024,2,256,3
Falcon-1024,1.0,18.443441000044913,0.3302040001926798,0.09877299999061506,1269,245,18.87241800022821,True,Signature,1024,3,256,3
Falcon-padded-512,1.0,4.640789999939443,0.2736429999004031,0.045278000015969155,666,-358,4.959710999855815,True,Signature,1024,1,128,1
Falcon-padded-512,1.0,9.044639999956416,0.1880990000699967,0.03768400006265438,666,-358,9.270423000089068,True,Signature,1024,2,128,1
Falcon-padded-512,1.0,5.170079999970767,0.1884860000700428,0.0375689999145834,666,-358,5.396134999955393,True,Signature,1024,3,128,1
Falcon-padded-1024,1.0,17.887602999962837,0.34944200001518766,0.07318900020436558,1280,256,18.31023400018239,True,Signature,1024,1,256,3
Falcon-padded-1024,1.0,15.10824899992258,0.34264700002495374,0.06952600006115972,1280,256,15.520422000008693,True,Signature,1024,2,256,3
Falcon-padded-1024,1.0,11.954149000075631,0.3480329999092646,0.0661159999708616,1280,256,12.368297999955757,True,Signature,1024,3,256,3
SPHINCS+-SHA2-128f-simple,1.0,0.311150000015914,8.701451999968413,0.45645000000149594,17088,16064,9.469051999985822,True,Signature,1024,1,128,1
SPHINCS+-SHA2-128f-simple,1.0,0.2532909998080868,5.798745999982202,0.44350999996822793,17088,16064,6.495546999758517,True,Signature,1024,2,128,1
SPHINCS+-SHA2-128f-simple,1.0,0.24591999999756808,8.000749000075302,0.45196799987934355,17088,16064,8.698636999952214,True,Signature,1024,3,128,1
SPHINCS+-SHA2-128s-simple,1.0,16.100574000120105,130.28306000001066,0.18010500002674235,7856,6832,146.5637390001575,True,Signature,1024,1,128,1
SPHINCS+-SHA2-128s-simple,1.0,15.859122999927422,140.20825800002967,0.4078940000908915,7856,6832,156.475275000048,True,Signature,1024,2,128,1
SPHINCS+-SHA2-128s-simple,1.0,26.744541999960347,172.957826000129,0.20315599999776168,7856,6832,199.9055240000871,True,Signature,1024,3,128,1
SPHINCS+-SHA2-192f-simple,1.0,0.5856029999904422,10.42552700005217,0.7075739999891084,35664,34640,11.718704000031721,True,Signature,1024,1,192,2
SPHINCS+-SHA2-192f-simple,1.0,0.3839379999135417,16.521365999778936,1.0900439999659284,35664,34640,17.995347999658406,True,Signature,1024,2,192,2
SPHINCS+-SHA2-192f-simple,1.0,0.46535999990737764,15.669763999994757,0.7073940000736911,35664,34640,16.842517999975826,True,Signature,1024,3,192,2
SPHINCS+-SHA2-192s-simple,1.0,27.564176000169027,244.61334400007217,0.3248689999963972,16224,15200,272.5023890002376,True,Signature,1024,1,192,2
SPHINCS+-SHA2-192s-simple,1.0,24.623088999987885,239.1259630001059,0.3761469999972178,16224,15200,264.125199000091,True,Signature,1024,2,192,2
SPHINCS+-SHA2-192s-simple,1.0,21.708449000016117,219.98954999980924,0.3000599999722908,16224,15200,241.99805899979765,True,Signature,1024,3,192,2
SPHINCS+-SHA2-256f-simple,1.0,0.9448110001812893,18.61372400003347,0.6408150002243929,49856,48832,20.199350000439154,True,Signature,1024,1,256,3
SPHINCS+-SHA2-256f-simple,1.0,0.8914490001643571,20.08030500019231,0.662046000115879,49856,48832,21.633800000472547,True,Signature,1024,2,256,3
SPHINCS+-SHA2-256f-simple,1.0,0.8966559998953016,20.055484999829787,0.7174310001119011,49856,48832,21.66957199983699,True,Signature,1024,3,256,3
SPHINCS+-SHA2-256s-simple,1.0,14.950963000046613,212.47396800004026,0.3911009998773807,29792,28768,227.81603199996425,True,Signature,1024,1,256,3
SPHINCS+-SHA2-256s-simple,1.0,14.001497999970525,218.93933199999083,0.3995999998096522,29792,28768,233.340429999771,True,Signature,1024,2,256,3
SPHINCS+-SHA2-256s-simple,1.0,17.9453860000649,201.70045199984088,0.385437999966598,29792,28768,220.03127599987238,True,Signature,1024,3,256,3
SPHINCS+-SHAKE-128f-simple,1.0,0.4539299998214119,9.251526000070953,0.6974870000249211,17088,16064,10.402942999917286,True,Signature,1024,1,128,1
SPHINCS+-SHAKE-128f-simple,1.0,0.4035150000163412,10.608801999978823,0.6846080000286747,17088,16064,11.696925000023839,True,Signature,1024,2,128,1
SPHINCS+-SHAKE-128f-simple,1.0,0.4092799999853014,9.269881999898644,0.8126510001602583,17088,16064,10.491813000044203,True,Signature,1024,3,128,1
SPHINCS+-SHAKE-128s-simple,1.0,31.75777100000232,221.518665000076,0.2952039999399858,7856,6832,253.5716400000183,True,Signature,1024,1,128,1
SPHINCS+-SHAKE-128s-simple,1.0,25.359495000202514,215.52874100007102,0.29123400008757017,7856,6832,241.1794700003611,True,Signature,1024,2,128,1
SPHINCS+-SHAKE-128s-simple,1.0,25.345532000073945,204.87102100014454,0.3108690000317438,7856,6832,230.52742200025023,True,Signature,1024,3,128,1
SPHINCS+-SHAKE-192f-simple,1.0,0.6088869999985036,15.04546199998913,0.9759130000475125,35664,34640,16.630262000035145,True,Signature,1024,1,192,2
SPHINCS+-SHAKE-192f-simple,1.0,0.5809550000321906,15.261565999935556,0.9762499998942076,35664,34640,16.818770999861954,True,Signature,1024,2,192,2
SPHINCS+-SHAKE-192f-simple,1.0,0.5880389999219915,24.015793999978996,1.0219239998150442,35664,34640,25.62575699971603,True,Signature,1024,3,192,2
SPHINCS+-SHAKE-192s-simple,1.0,39.69773799985887,366.54176799993365,0.4027659999792377,16224,15200,406.64227199977176,True,Signature,1024,1,192,2
SPHINCS+-SHAKE-192s-simple,1.0,43.49593300003107,401.4947380001104,0.4078890001437685,16224,15200,445.3985600002852,True,Signature,1024,2,192,2
SPHINCS+-SHAKE-192s-simple,1.0,44.02833299991471,388.08291400005146,0.4070229999797448,16224,15200,432.5182699999459,True,Signature,1024,3,192,2
SPHINCS+-SHAKE-256f-simple,1.0,1.5262269998856937,30.78467900013493,1.0018610000770423,49856,48832,33.312767000097665,True,Signature,1024,1,256,3
SPHINCS+-SHAKE-256f-simple,1.0,1.6035749999900872,31.788512999810337,1.0064840000723052,49856,48832,34.39857199987273,True,Signature,1024,2,256,3
SPHINCS+-SHAKE-256f-simple,1.0,1.5389169998343277,31.61277499998505,0.9908570000334294,49856,48832,34.142548999852806,True,Signature,1024,3,256,3
SPHINCS+-SHAKE-256s-simple,1.0,24.002873999961594,318.1740540001101,0.5410029998529353,29792,28768,342.71793099992465,True,Signature,1024,1,256,3
SPHINCS+-SHAKE-256s-simple,1.0,24.485916999992696,313.6045579999518,0.6735299998581468,29792,28768,338.76400499980264,True,Signature,1024,2,256,3
SPHINCS+-SHAKE-256s-simple,1.0,24.02224299999034,313.6115879999579,0.5590490000031423,29792,28768,338.1928799999514,True,Signature,1024,3,256,3
Dilithium2,1.1,0.10258299994347908,0.11075499992330151,0.027050999960920308,2420,1294,0.2403889998277009,True,Signature,1126,1,128,1
Dilithium2,1.1,0.02333199995518953,0.062458999991577,0.02394700004515471,2420,1294,0.10973799999192124,True,Signature,1126,2,128,1
Dilithium2,1.1,0.021582999806923908,0.03865200005748193,0.023454000029232702,2420,1294,0.08368899989363854,True,Signature,1126,3,128,1
Dilithium3,1.1,0.22116899981483584,0.06303300006038626,0.038713000094503514,3293,2167,0.3229149999697256,True,Signature,1126,1,192,2
Dilithium3,1.1,0.03577400002541253,0.09728999998515064,0.03550500014171121,3293,2167,0.16856900015227438,True,Signature,1126,2,192,2
Dilithium3,1.1,0.034174000120401615,0.053552000053969095,0.03562000006240851,3293,2167,0.12334600023677922,True,Signature,1126,3,192,2
Dilithium5,1.1,0.07774999994580867,0.09114399995269196,0.05517900012819155,4595,3469,0.22407300002669217,True,Signature,1126,1,256,3
Dilithium5,1.1,0.06260000009206124,0.11359800009813625,0.05310699998517521,4595,3469,0.2293050001753727,True,Signature,1126,2,256,3
Dilithium5,1.1,0.05232399985288794,0.07683000012548291,0.05530899989025784,4595,3469,0.18446299986862869,True,Signature,1126,3,256,3
ML-DSA-44,1.1,0.04326000021137588,0.04051800010529405,0.02525900004002324,2420,1294,0.10903700035669317,True,Signature,1126,1,128,1
ML-DSA-44,1.1,0.021578000087174587,0.039558000025863294,0.02396700006102037,2420,1294,0.08510300017405825,True,Signature,1126,2,128,1
ML-DSA-44,1.1,0.020761000087077264,0.06190199997035961,0.02324800016140216,2420,1294,0.10591100021883904,True,Signature,1126,3,128,1
ML-DSA-65,1.1,0.04797400015377207,0.16704499989828037,0.03627899991442973,3309,2183,0.25129799996648217,True,Signature,1126,1,192,2
ML-DSA-65,1.1,0.03415800006223435,0.06486999996013765,0.035350999951333506,3309,2183,0.1343789999737055,True,Signature,1126,2,192,2
ML-DSA-65,1.1,0.033686000051602605,0.1950620001025527,0.03526799991959706,3309,2183,0.26401600007375237,True,Signature,1126,3,192,2
ML-DSA-87,1.1,0.06650800014540437,0.1676819999829604,0.05367199992178939,4627,3501,0.28786200005015417,True,Signature,1126,1,256,3
ML-DSA-87,1.1,0.052466000170170446,0.0633469999229419,0.05264099991109106,4627,3501,0.1684540000042034,True,Signature,1126,2,256,3
ML-DSA-87,1.1,0.05190399997445638,0.10636599995450524,0.052700999958688044,4627,3501,0.21097099988764967,True,Signature,1126,3,256,3
Falcon-512,1.1,4.556291999961104,0.18401900001663307,0.047906000190778286,658,-468,4.788217000168515,True,Signature,1126,1,128,1
Falcon-512,1.1,11.308817000099225,0.22224100007406378,0.08074199990915076,653,-473,11.61180000008244,True,Signature,1126,2,128,1
Falcon-512,1.1,5.173359999844251,0.1595520000137185,0.05334900015441235,655,-471,5.386261000012382,True,Signature,1126,3,128,1
Falcon-1024,1.1,17.35945600012201,0.43457600008878217,0.08683999999448133,1275,149,17.880872000205272,True,Signature,1126,1,256,3
Falcon-1024,1.1,20.550957000068593,0.38413800007219834,0.11849099996652512,1270,144,21.053586000107316,True,Signature,1126,2,256,3
Falcon-1024,1.1,12.025622000010117,0.3357509999659669,0.0932759999159316,1272,146,12.454648999892015,True,Signature,1126,3,256,3
Falcon-padded-512,1.1,3.673758000104499,0.1700580000942864,0.0390039999729197,666,-460,3.882820000171705,True,Signature,1126,1,128,1
Falcon-padded-512,1.1,4.9252720000367844,0.1819020001221361,0.0374539999938861,666,-460,5.144628000152807,True,Signature,1126,2,128,1
Falcon-padded-512,1.1,3.5328149999713787,0.16191099985007895,0.03760300000976713,666,-460,3.732328999831225,True,Signature,1126,3,128,1
Falcon-padded-1024,1.1,12.036824000006163,0.36537599999064696,0.06879800002934644,1280,154,12.470998000026157,True,Signature,1126,1,256,3
Falcon-padded-1024,1.1,22.709619999886854,5.345014000113224,0.12094599992451549,1280,154,28.175579999924594,True,Signature,1126,2,256,3
Falcon-padded-1024,1.1,14.154217999930552,0.34689500012063945,0.06818700012445333,1280,154,14.569300000175645,True,Signature,1126,3,256,3
SPHINCS+-SHA2-128f-simple,1.1,0.5710150001050351,5.828371999996307,0.4609900001923961,17088,15962,6.860377000293738,True,Signature,1126,1,128,1
SPHINCS+-SHA2-128f-simple,1.1,0.24910599995564553,6.386134999956994,0.48477899986210105,17088,15962,7.12001999977474,True,Signature,1126,2,128,1
SPHINCS+-SHA2-128f-simple,1.1,0.273246000006111,7.81311600007939,0.47724799992465705,17088,15962,8.563610000010158,True,Signature,1126,3,128,1
SPHINCS+-SHA2-128s-simple,1.1,21.259540999835735,130.2959600000122,0.2912110001034307,7856,6730,151.84671199995137,True,Signature,1126,1,128,1
SPHINCS+-SHA2-128s-simple,1.1,15.753491999930702,128.54627299998356,0.21046400001978327,7856,6730,144.51022899993404,True,Signature,1126,2,128,1
SPHINCS+-SHA2-128s-simple,1.1,15.958953000108522,169.16189400012627,0.21810799989907537,7856,6730,185.33895500013386,True,Signature,1126,3,128,1
SPHINCS+-SHA2-192f-simple,1.1,0.4005389998837927,10.025942000083887,0.7525369999257236,35664,34538,11.179017999893404,True,Signature,1126,1,192,2
SPHINCS+-SHA2-192f-simple,1.1,0.4400289999466622,9.941134999962742,0.6836289999228029,35664,34538,11.064792999832207,True,Signature,1126,2,192,2
SPHINCS+-SHA2-192f-simple,1.1,0.37251000003379886,11.557349999975486,0.6788939999751165,35664,34538,12.608753999984401,True,Signature,1126,3,192,2
SPHINCS+-SHA2-192s-simple,1.1,27.03704900000048,277.9716399998051,0.30335700012074085,16224,15098,305.31204599992634,True,Signature,1126,1,192,2
SPHINCS+-SHA2-192s-simple,1.1,24.455299999999625,250.06574899998668,0.3395720000298752,16224,15098,274.8606210000162,True,Signature,1126,2,192,2
SPHINCS+-SHA2-192s-simple,1.1,24.321450999877925,235.14476300010756,0.3122919999896112,16224,15098,259.7785059999751,True,Signature,1126,3,192,2
SPHINCS+-SHA2-256f-simple,1.1,0.9547719998863613,21.03031000001465,0.6654290000369656,49856,48730,22.65051099993798,True,Signature,1126,1,256,3
SPHINCS+-SHA2-256f-simple,1.1,0.8960410000327101,19.848556999932043,0.9568009998019988,49856,48730,21.701398999766752,True,Signature,1126,2,256,3
SPHINCS+-SHA2-256f-simple,1.1,1.3105980001455464,20.91795399996954,0.7200860000011744,49856,48730,22.94863800011626,True,Signature,1126,3,256,3
SPHINCS+-SHA2-256s-simple,1.1,14.56762699990577,210.1993390001553,0.7175810001172067,29792,28666,225.48454700017828,True,Signature,1126,1,256,3
SPHINCS+-SHA2-256s-simple,1.1,17.81571900005474,220.51003199999286,0.3895209999882354,29792,28666,238.71527200003584,True,Signature,1126,2,256,3
SPHINCS+-SHA2-256s-simple,1.1,15.2234470001531,267.7824160000455,0.40140300006896723,29792,28666,283.40726600026755,True,Signature,1126,3,256,3
SPHINCS+-SHAKE-128f-simple,1.1,0.4288180000457942,9.459044999857724,0.8057810000536847,17088,15962,10.693643999957203,True,Signature,1126,1,128,1
SPHINCS+-SHAKE-128f-simple,1.1,0.6115189999036375,19.317257000011523,0.7980330001373659,17088,15962,20.726809000052526,True,Signature,1126,2,128,1
SPHINCS+-SHAKE-128f-simple,1.1,0.46053400001255795,11.707659999956377,0.7813789998181164,17088,15962,12.949572999787051,True,Signature,1126,3,128,1
SPHINCS+-SHAKE-128s-simple,1.1,27.909384000167847,258.529481000096,0.35514900014277373,7856,6730,286.7940140004066,True,Signature,1126,1,128,1
SPHINCS+-SHAKE-128s-simple,1.1,31.995782999956646,244.42369099983807,0.29329599988159316,7856,6730,276.7127699996763,True,Signature,1126,2,128,1
SPHINCS+-SHAKE-128s-simple,1.1,29.301996999947733,241.0623220000616,0.31458800003747456,7856,6730,270.6789070000468,True,Signature,1126,3,128,1
SPHINCS+-SHAKE-192f-simple,1.1,0.6042840000191063,16.019135999840728,1.029702000096222,35664,34538,17.653121999956056,True,Signature,1126,1,192,2
SPHINCS+-SHAKE-192f-simple,1.1,0.7022820000202046,15.510941000002276,0.9865899999113026,35664,34538,17.199812999933783,True,Signature,1126,2,192,2
SPHINCS+-SHAKE-192f-simple,1.1,0.609374000077878,16.549603999919782,1.0032529999079998,35664,34538,18.16223099990566,True,Signature,1126,3,192,2
SPHINCS+-SHAKE-192s-simple,1.1,40.350355999862586,408.2376259998455,0.4041940001116018,16224,15098,448.99217599981966,True,Signature,1126,1,192,2
SPHINCS+-SHAKE-192s-simple,1.1,44.032865999952264,430.5493000001661,0.39584900014233426,16224,15098,474.9780150002607,True,Signature,1126,2,192,2
SPHINCS+-SHAKE-192s-simple,1.1,39.44235199992363,392.2009000000344,0.41227600013371557,16224,15098,432.0555280000917,True,Signature,1126,3,192,2
SPHINCS+-SHAKE-256f-simple,1.1,1.7288149999785674,34.87017299994477,1.0678020000796096,49856,48730,37.66679000000295,True,Signature,1126,1,256,3
SPHINCS+-SHAKE-256f-simple,1.1,1.5423380000356701,38.62256599995817,1.007151000067097,49856,48730,41.172055000060936,True,Signature,1126,2,256,3
SPHINCS+-SHAKE-256f-simple,1.1,1.6273450000880985,33.94501200000377,1.1876700000357232,49856,48730,36.76002700012759,True,Signature,1126,3,256,3
SPHINCS+-SHAKE-256s-simple,1.1,25.381108000146924,334.6962190000795,3.6345930000152293,29792,28666,363.71192000024166,True,Signature,1126,1,256,3
SPHINCS+-SHAKE-256s-simple,1.1,29.36211899987029,337.84870999988925,0.5510779999440274,29792,28666,367.76190699970357,True,Signature,1126,2,256,3
SPHINCS+-SHAKE-256s-simple,1.1,29.232401000172104,339.37300499997036,0.5407000001014239,29792,28666,369.1461060002439,True,Signature,1126,3,256,3
Dilithium2,1.2,0.07430599998770049,0.061476999917431385,0.027097000156572904,2420,1192,0.16288000006170478,True,Signature,1228,1,128,1
Dilithium2,1.2,0.022768000007999945,0.06918100007169414,0.024092999865388265,2420,1192,0.11604199994508235,True,Signature,1228,2,128,1
Dilithium2,1.2,0.021538999817494187,0.04553099984150322,0.02371899995523563,2420,1192,0.09078899961423303,True,Signature,1228,3,128,1
Dilithium3,1.2,0.05071800001132942,0.06239699996513082,0.04556199996841315,3293,2065,0.1586769999448734,True,Signature,1228,1,192,2
Dilithium3,1.2,0.03777300003093842,0.05639400001200556,0.03697600004670676,3293,2065,0.13114300008965074,True,Signature,1228,2,192,2
Dilithium3,1.2,0.04063100004714215,0.04607300002135162,0.035647000004246365,3293,2065,0.12235100007274013,True,Signature,1228,3,192,2
Dilithium5,1.2,0.08006400003068848,0.07556099990324583,0.055151999958980014,4595,3367,0.21077699989291432,True,Signature,1228,1,256,3
Dilithium5,1.2,0.057336000054419856,0.11212399999749323,0.05332399996405002,4595,3367,0.2227840000159631,True,Signature,1228,2,256,3
Dilithium5,1.2,0.05213700001149846,0.06359500002872664,0.05309100015438162,4595,3367,0.16882300019460672,True,Signature,1228,3,256,3
ML-DSA-44,1.2,0.03516499987199495,0.04977200001121673,0.02476600002410123,2420,1192,0.10970299990731291,True,Signature,1228,1,128,1
ML-DSA-44,1.2,0.021451999828059343,0.04560799993669207,0.02350399995521002,2420,1192,0.09056399971996143,True,Signature,1228,2,128,1
ML-DSA-44,1.2,0.021114999981364235,0.10816300004989898,0.023315999897022266,2420,1192,0.15259399992828548,True,Signature,1228,3,128,1
ML-DSA-65,1.2,0.04787499983649468,0.0681550000081188,0.0379529999463557,3309,2081,0.1539829997909692,True,Signature,1228,1,192,2
ML-DSA-65,1.2,0.03516199990372115,0.04442099998414051,0.03549200005181774,3309,2081,0.1150749999396794,True,Signature,1228,2,192,2
ML-DSA-65,1.2,0.03348899986121978,0.07527400020990171,0.03499900003589573,3309,2081,0.14376200010701723,True,Signature,1228,3,192,2
ML-DSA-87,1.2,0.06839200000285928,0.1128569999764295,0.05631599992739211,4627,3399,0.2375649999066809,True,Signature,1228,1,256,3
ML-DSA-87,1.2,0.05290900003274146,0.13608699987344153,0.05295699997986958,4627,3399,0.24195299988605257,True,Signature,1228,2,256,3
ML-DSA-87,1.2,0.051692000170078245,0.1396979998844472,0.052652000022135326,4627,3399,0.24404200007666077,True,Signature,1228,3,256,3
Falcon-512,1.2,3.7872749999223743,0.17999600004259264,0.047490000042671454,655,-573,4.014761000007638,True,Signature,1228,1,128,1
Falcon-512,1.2,6.59855900016737,0.17359399998895242,0.05740300002798904,657,-571,6.829556000184311,True,Signature,1228,2,128,1
Falcon-512,1.2,5.810295999935988,0.15959799998199742,0.05295500000102038,656,-572,6.022848999919006,True,Signature,1228,3,128,1
Falcon-1024,1.2,14.80658500008758,0.35668600003191386,0.08567899999434303,1265,37,15.248950000113837,True,Signature,1228,1,256,3
Falcon-1024,1.2,15.170126999919376,0.3313810000236117,0.09539000006952847,1272,44,15.596898000012516,True,Signature,1228,2,256,3
Falcon-1024,1.2,20.943299000009574,0.8145740000600199,0.10929900008704863,1275,47,21.867172000156643,True,Signature,1228,3,256,3
Falcon-padded-512,1.2,5.88835000007748,0.16569099989283131,0.03801699995165109,666,-562,6.092057999921963,True,Signature,1228,1,128,1
Falcon-padded-512,1.2,3.4316159999434603,0.1603210000666877,0.04267100007382396,666,-562,3.634608000083972,True,Signature,1228,2,128,1
Falcon-padded-512,1.2,4.082247000042116,0.15393900002891314,0.037630999941029586,666,-562,4.273817000012059,True,Signature,1228,3,128,1
Falcon-padded-1024,1.2,11.666628000057244,0.3268909999860625,0.07122099987100228,1280,52,12.064739999914309,True,Signature,1228,1,256,3
Falcon-padded-1024,1.2,19.76776699984839,0.5070050001449999,0.10598300013953121,1280,52,20.380755000132922,True,Signature,1228,2,256,3
Falcon-padded-1024,1.2,15.357726000047478,0.31163300013759,0.06739300010849547,1280,52,15.736752000293563,True,Signature,1228,3,256,3
SPHINCS+-SHA2-128f-simple,1.2,0.2811469998960092,7.714645999840286,0.46811400011392834,17088,15860,8.463906999850224,True,Signature,1228,1,128,1
SPHINCS+-SHA2-128f-simple,1.2,0.25388900007783377,5.776104999995368,0.4421200001161196,17088,15860,6.472114000189322,True,Signature,1228,2,128,1
SPHINCS+-SHA2-128f-simple,1.2,0.2476680001564091,6.303251999952408,0.45269299994288303,17088,15860,7.0036130000517005,True,Signature,1228,3,128,1
SPHINCS+-SHA2-128s-simple,1.2,15.609126999834189,138.76287199991566,0.18495400013307517,7856,6628,154.55695299988292,True,Signature,1228,1,128,1
SPHINCS+-SHA2-128s-simple,1.2,14.884015999996336,125.49780600011218,0.1883170000382961,7856,6628,140.5701390001468,True,Signature,1228,2,128,1
SPHINCS+-SHA2-128s-simple,1.2,14.214088000017,123.37414800003899,0.17208700000992394,7856,6628,137.7603230000659,True,Signature,1228,3,128,1
SPHINCS+-SHA2-192f-simple,1.2,0.3579490000902297,15.496675000122195,0.6372949999331468,35664,34436,16.49191900014557,True,Signature,1228,1,192,2
SPHINCS+-SHA2-192f-simple,1.2,0.3411829998185567,11.849341000015556,0.6746630001543963,35664,34436,12.86518699998851,True,Signature,1228,2,192,2
SPHINCS+-SHA2-192f-simple,1.2,0.3489759999411035,9.027624999816908,0.6377520001024095,35664,34436,10.01435299986042,True,Signature,1228,3,192,2
SPHINCS+-SHA2-192s-simple,1.2,26.398773999972036,243.11827899987293,0.30055699994591123,16224,14996,269.8176099997909,True,Signature,1228,1,192,2
SPHINCS+-SHA2-192s-simple,1.2,21.27272699999594,235.84448499991595,0.2955469999506022,16224,14996,257.4127589998625,True,Signature,1228,2,192,2
SPHINCS+-SHA2-192s-simple,1.2,31.61848700005976,236.43972700006088,0.30431799996222253,16224,14996,268.36253200008287,True,Signature,1228,3,192,2
SPHINCS+-SHA2-256f-simple,1.2,0.9610039999188302,19.91832599992449,0.6573309999566845,49856,48628,21.536660999800006,True,Signature,1228,1,256,3
SPHINCS+-SHA2-256f-simple,1.2,0.8944380001594254,21.349165999936304,0.645859000087512,49856,48628,22.88946300018324,True,Signature,1228,2,256,3
SPHINCS+-SHA2-256f-simple,1.2,0.890560000016194,18.772983000189924,0.6380509998962225,49856,48628,20.30159400010234,True,Signature,1228,3,256,3
SPHINCS+-SHA2-256s-simple,1.2,14.12273500000083,205.32136400015588,0.3731920000973332,29792,28564,219.81729100025404,True,Signature,1228,1,256,3
SPHINCS+-SHA2-256s-simple,1.2,14.105144000041037,202.7585870000621,0.5650579998928151,29792,28564,217.42878899999596,True,Signature,1228,2,256,3
SPHINCS+-SHA2-256s-simple,1.2,16.55259900007877,213.4671139999682,0.3919859998404718,29792,28564,230.41169899988745,True,Signature,1228,3,256,3
SPHINCS+-SHAKE-128f-simple,1.2,0.43021800001952215,9.244628000033117,0.673257000016747,17088,15860,10.348103000069386,True,Signature,1228,1,128,1
SPHINCS+-SHAKE-128f-simple,1.2,0.40331399986826,9.27471299996796,0.6669459999102401,17088,15860,10.34497299974646,True,Signature,1228,2,128,1
SPHINCS+-SHAKE-128f-simple,1.2,0.3968330001953291,9.320922999904724,0.6799239999963902,17088,15860,10.397680000096443,True,Signature,1228,3,128,1
SPHINCS+-SHAKE-128s-simple,1.2,34.719298000027266,219.45564199995715,0.293502999966222,7856,6628,254.46844299995064,True,Signature,1228,1,128,1
SPHINCS+-SHAKE-128s-simple,1.2,25.330859999940003,218.1190549999883,0.29307999989214295,7856,6628,243.74299499982044,True,Signature,1228,2,128,1
SPHINCS+-SHAKE-128s-simple,1.2,32.39280699995106,209.76886299990838,0.2911430001404369,7856,6628,242.45281299999988,True,Signature,1228,3,128,1
SPHINCS+-SHAKE-192f-simple,1.2,0.6764039999325178,19.775764000087293,0.9923820000494743,35664,34436,21.444550000069285,True,Signature,1228,1,192,2
SPHINCS+-SHAKE-192f-simple,1.2,0.619574999973338,15.068834000203424,0.960503999976936,35664,34436,16.648913000153698,True,Signature,1228,2,192,2
SPHINCS+-SHAKE-192f-simple,1.2,0.5889100000331382,14.992293000204882,1.0026149998338951,35664,34436,16.583818000071915,True,Signature,1228,3,192,2
SPHINCS+-SHAKE-192s-simple,1.2,40.552110999897195,384.0679429999909,0.39748599988342903,16224,14996,425.01753999977154,True,Signature,1228,1,192,2
SPHINCS+-SHAKE-192s-simple,1.2,37.8045889999612,388.8797939998767,0.4056220000165922,16224,14996,427.0900049998545,True,Signature,1228,2,192,2
SPHINCS+-SHAKE-192s-simple,1.2,48.46636299998863,402.85276199983855,0.5014359999222506,16224,14996,451.82056099974943,True,Signature,1228,3,192,2
SPHINCS+-SHAKE-256f-simple,1.2,1.7931289999069122,37.76146599989261,1.0354800001550757,49856,48628,40.590074999954595,True,Signature,1228,1,256,3
SPHINCS+-SHAKE-256f-simple,1.2,2.1223249998456595,32.72076600001128,1.003696999987369,49856,48628,35.84678799984431,True,Signature,1228,2,256,3
SPHINCS+-SHAKE-256f-simple,1.2,1.5223299999433948,30.92497100010405,0.9766680000211636,49856,48628,33.42396900006861,True,Signature,1228,3,256,3
SPHINCS+-SHAKE-256s-simple,1.2,33.265541999981,334.46609299994634,0.5692739998721663,29792,28564,368.3009089997995,True,Signature,1228,1,256,3
SPHINCS+-SHAKE-256s-simple,1.2,28.01630900012242,342.16073399989,0.57173900017915,29792,28564,370.74878200019157,True,Signature,1228,2,256,3
SPHINCS+-SHAKE-256s-simple,1.2,32.486347000030946,329.2521769999439,0.5602960000032908,29792,28564,362.29881999997815,True,Signature,1228,3,256,3
Dilithium2,127.8,0.08029300011003215,1.9009779998668819,0.2958219999982248,2420,-128447,2.277092999975139,True,Signature,130867,1,128,1
Dilithium2,127.8,0.02804199993988732,0.2981929999350541,0.3429020000567107,2420,-128447,0.6691369999316521,True,Signature,130867,2,128,1
Dilithium2,127.8,0.035898000078304904,0.3199730001597345,0.29991700012033107,2420,-128447,0.6557880003583705,True,Signature,130867,3,128,1
Dilithium3,127.8,0.0630150000233698,0.35889100013264397,0.2949690001514682,3293,-127574,0.716875000307482,True,Signature,130867,1,192,2
Dilithium3,127.8,0.03507199994601251,0.41805000000749715,0.29727800006185134,3293,-127574,0.750400000015361,True,Signature,130867,2,192,2
Dilithium3,127.8,0.03702300000441028,0.3390849999505008,0.2984029999879567,3293,-127574,0.6745109999428678,True,Signature,130867,3,192,2
Dilithium5,127.8,0.08761799995227193,0.3442130000621546,0.32271700001729187,4595,-126272,0.7545480000317184,True,Signature,130867,1,256,3
Dilithium5,127.8,0.05343299994819972,0.4915310000797035,0.3503689999888593,4595,-126272,0.8953330000167625,True,Signature,130867,2,256,3
Dilithium5,127.8,0.0667229999180563,0.36332700005914376,0.3363700000136305,4595,-126272,0.7664199999908305,True,Signature,130867,3,256,3
ML-DSA-44,127.8,0.058032999959323206,0.4023710000637948,0.28736700005538296,2420,-128447,0.747771000078501,True,Signature,130867,1,128,1
ML-DSA-44,127.8,0.021989000060784747,0.38146200017763476,0.2968809999401856,2420,-128447,0.7003320001786051,True,Signature,130867,2,128,1
ML-DSA-44,127.8,0.024467000002914574,0.319551999837131,0.28477499995460676,2420,-128447,0.6287939997946523,True,Signature,130867,3,128,1
ML-DSA-65,127.8,0.05927200004407496,0.5144530000507075,0.30066499994063633,3309,-127558,0.8743900000354188,True,Signature,130867,1,192,2
ML-DSA-65,127.8,0.03653800013125874,0.40677299989511084,0.30457599996225326,3309,-127558,0.7478869999886228,True,Signature,130867,2,192,2
ML-DSA-65,127.8,0.03764899997804605,0.37406399997053086,0.2945339999769203,3309,-127558,0.7062469999254972,True,Signature,130867,3,192,2
ML-DSA-87,127.8,0.07128399988687306,0.5289489999995567,0.33552199988662323,4627,-126240,0.935754999773053,True,Signature,130867,1,256,3
ML-DSA-87,127.8,0.06189000009726442,0.5353429999104264,0.33168799996019516,4627,-126240,0.928920999967886,True,Signature,130867,2,256,3
ML-DSA-87,127.8,0.058670000044003245,0.34756600007312954,0.31841099985285837,4627,-126240,0.7246469999699912,True,Signature,130867,3,256,3
Falcon-512,127.8,3.6903749999055435,0.44498800002656935,0.3260080000018206,654,-130213,4.4613709999339335,True,Signature,130867,1,128,1
Falcon-512,127.8,3.663632000098005,0.43054000002484827,0.3220329999749083,653,-130214,4.4162050000977615,True,Signature,130867,2,128,1
Falcon-512,127.8,3.724900000179332,1.9571929999528948,0.4878879999523633,650,-130217,6.16998100008459,True,Signature,130867,3,128,1
Falcon-1024,127.8,33.778741999867634,0.6252610000956338,0.34462600001461396,1271,-129596,34.74862899997788,True,Signature,130867,1,256,3
Falcon-1024,127.8,13.111946999970314,0.5863669998689147,0.34699900015766616,1273,-129594,14.045312999996895,True,Signature,130867,2,256,3
Falcon-1024,127.8,23.273456000197257,0.5894460000490653,0.354891000142743,1269,-129598,24.217793000389065,True,Signature,130867,3,256,3
Falcon-padded-512,127.8,4.710675999831437,0.4640290001134417,0.302024999882633,666,-130201,5.476729999827512,True,Signature,130867,1,128,1
Falcon-padded-512,127.8,5.142831000057413,0.45001800003774406,0.29683200000363286,666,-130201,5.88968100009879,True,Signature,130867,2,128,1
Falcon-padded-512,127.8,3.8385029999972176,0.429179000093427,0.29568299987658975,666,-130201,4.563364999967234,True,Signature,130867,3,128,1
Falcon-padded-1024,127.8,11.506206999911228,0.722537999990891,0.34425100011503673,1280,-129587,12.572996000017156,True,Signature,130867,1,256,3
Falcon-padded-1024,127.8,12.70002299997941,0.7258919999912905,0.4497289999108034,1280,-129587,13.875643999881504,True,Signature,130867,2,256,3
Falcon-padded-1024,127.8,12.429258999873127,10.333367000157523,0.33926100013559335,1280,-129587,23.101887000166244,True,Signature,130867,3,256,3
SPHINCS+-SHA2-128f-simple,127.8,0.41629299994383473,15.029815000161761,0.5140809998920304,17088,-113779,15.960188999997627,True,Signature,130867,1,128,1
SPHINCS+-SHA2-128f-simple,127.8,0.2503430000615481,14.098047000061342,0.5057250000390923,17088,-113779,14.854115000161983,True,Signature,130867,2,128,1
SPHINCS+-SHA2-128f-simple,127.8,0.2520400000776135,5.5804229998557275,0.5072570002084831,17088,-113779,6.339720000141824,True,Signature,130867,3,128,1
SPHINCS+-SHA2-128s-simple,127.8,15.009645999953136,119.59718299999622,0.2788799999962066,7856,-123011,134.88570899994556,True,Signature,130867,1,128,1
SPHINCS+-SHA2-128s-simple,127.8,15.008918000148697,116.78274499990948,0.2767920000223967,7856,-123011,132.06845500008058,True,Signature,130867,2,128,1
SPHINCS+-SHA2-128s-simple,127.8,17.64931999991859,137.27255300000252,0.2643989998887264,7856,-123011,155.18627199980983,True,Signature,130867,3,128,1
SPHINCS+-SHA2-192f-simple,127.8,0.3952419999677659,9.37893700006498,0.7752070000606182,35664,-95203,10.549386000093364,True,Signature,130867,1,192,2
SPHINCS+-SHA2-192f-simple,127.8,0.34862199981944286,10.274367999954848,0.7876610000039364,35664,-95203,11.410650999778227,True,Signature,130867,2,192,2
SPHINCS+-SHA2-192f-simple,127.8,0.35006200005227583,9.794056000146156,0.8285470000828354,35664,-95203,10.972665000281268,True,Signature,130867,3,192,2
SPHINCS+-SHA2-192s-simple,127.8,21.465195000018866,220.96876499995233,0.44133500000498316,16224,-114643,242.87529499997618,True,Signature,130867,1,192,2
SPHINCS+-SHA2-192s-simple,127.8,22.266188999992664,313.31019100002777,0.4403369998726703,16224,-114643,336.0167169998931,True,Signature,130867,2,192,2
SPHINCS+-SHA2-192s-simple,127.8,84.63088700000299,427.82611499978884,0.49932599995372584,16224,-114643,512.9563279997456,True,Signature,130867,3,192,2
SPHINCS+-SHA2-256f-simple,127.8,1.0470680001617438,21.050624000054086,0.8783519999724376,49856,-81011,22.976044000188267,True,Signature,130867,1,256,3
SPHINCS+-SHA2-256f-simple,127.8,0.9145720000560686,19.053994999921997,0.8270880000509351,49856,-81011,20.795655000029,True,Signature,130867,2,256,3
SPHINCS+-SHA2-256f-simple,127.8,0.9031279998907848,19.373537000092256,0.7906789999196917,49856,-81011,21.067343999902732,True,Signature,130867,3,256,3
SPHINCS+-SHA2-256s-simple,127.8,14.019628999903944,204.78340599993317,0.6830310001078033,29792,-101075,219.4860659999449,True,Signature,130867,1,256,3
SPHINCS+-SHA2-256s-simple,127.8,14.995097999872087,236.07730300000185,0.5404430000908178,29792,-101075,251.61284399996475,True,Signature,130867,2,256,3
SPHINCS+-SHA2-256s-simple,127.8,14.719484999886845,206.31864599999972,0.7470870000361174,29792,-101075,221.78521799992268,True,Signature,130867,3,256,3
SPHINCS+-SHAKE-128f-simple,127.8,0.5660019999140786,10.63610999995035,0.9414599999217899,17088,-113779,12.143571999786218,True,Signature,130867,1,128,1
SPHINCS+-SHAKE-128f-simple,127.8,0.4861140000684827,11.414670000021943,0.9238939999249851,17088,-113779,12.82467800001541,True,Signature,130867,2,128,1
SPHINCS+-SHAKE-128f-simple,127.8,0.4153710001446598,10.35730099988541,1.3901590000386932,17088,-113779,12.162831000068763,True,Signature,130867,3,128,1
SPHINCS+-SHAKE-128s-simple,127.8,29.56198900005802,223.25632599995515,0.5417289999058994,7856,-123011,253.36004399991907,True,Signature,130867,1,128,1
SPHINCS+-SHAKE-128s-simple,127.8,29.552835999993476,222.06739600005676,0.5442270000912686,7856,-123011,252.1644590001415,True,Signature,130867,2,128,1
SPHINCS+-SHAKE-128s-simple,127.8,32.27031300002636,229.2184619998352,0.5375949999688601,7856,-123011,262.0263699998304,True,Signature,130867,3,128,1
SPHINCS+-SHAKE-192f-simple,127.8,0.6058980000034353,25.4623339999398,1.2376569998195919,35664,-95203,27.30588899976283,True,Signature,130867,1,192,2
SPHINCS+-SHAKE-192f-simple,127.8,0.662549000026047,15.916828999934296,1.2304130000302393,35664,-95203,17.809790999990582,True,Signature,130867,2,192,2
SPHINCS+-SHAKE-192f-simple,127.8,1.5611559999797464,18.74141200005397,1.213363999795547,35664,-95203,21.515931999829263,True,Signature,130867,3,192,2
SPHINCS+-SHAKE-192s-simple,127.8,39.01743699998406,389.7382259999631,0.6478780001089035,16224,-114643,429.40354100005607,True,Signature,130867,1,192,2
SPHINCS+-SHAKE-192s-simple,127.8,46.956889000057345,388.4410769999249,0.6591249998564308,16224,-114643,436.0570909998387,True,Signature,130867,2,192,2
SPHINCS+-SHAKE-192s-simple,127.8,37.61099100006504,407.17731099994126,0.6587380000837584,16224,-114643,445.44704000009006,True,Signature,130867,3,192,2
SPHINCS+-SHAKE-256f-simple,127.8,1.5280259999599366,38.44015100003162,2.6705029999902763,49856,-81011,42.63867999998183,True,Signature,130867,1,256,3
SPHINCS+-SHAKE-256f-simple,127.8,3.5031689999414084,36.32195199998023,2.452919999996084,49856,-81011,42.27804099991772,True,Signature,130867,2,256,3
SPHINCS+-SHAKE-256f-simple,127.8,1.519149999921865,35.75452299992321,1.3390289998369553,49856,-81011,38.61270199968203,True,Signature,130867,3,256,3
SPHINCS+-SHAKE-256s-simple,127.8,33.393154000123104,346.2108719998014,0.8670659999552299,29792,-101075,380.4710919998797,True,Signature,130867,1,256,3
SPHINCS+-SHAKE-256s-simple,127.8,27.947711000024356,366.84088800006975,1.5514450001319346,29792,-101075,396.34004400022604,True,Signature,130867,2,256,3
SPHINCS+-SHAKE-256s-simple,127.8,31.965457000069364,367.42380600003344,0.9368529999846942,29792,-101075,400.3261160000875,True,Signature,130867,3,256,3
Dilithium2,127.9,0.15040900007079472,1.1654699999326112,0.579842999968605,2420,-128549,1.895721999972011,True,Signature,130969,1,128,1
Dilithium2,127.9,0.04646200000024692,0.5840860001171677,0.5235720000200672,2420,-128549,1.1541200001374818,True,Signature,130969,2,128,1
Dilithium2,127.9,0.04345100001046376,0.48488100014765223,0.47961900008886005,2420,-128549,1.007951000246976,True,Signature,130969,3,128,1
Dilithium3,127.9,0.08016699985091691,0.7489310000892146,0.42351899992354447,3293,-127676,1.252616999863676,True,Signature,130969,1,192,2
Dilithium3,127.9,0.05072299995845242,0.564879999956247,0.38512700007231615,3293,-127676,1.0007299999870156,True,Signature,130969,2,192,2
Dilithium3,127.9,0.0365660000625212,0.3000349997819285,0.26957499994750833,3293,-127676,0.606175999791958,True,Signature,130969,3,192,2
Dilithium5,127.9,0.08626599992567208,0.36360700005388935,0.2975800000513118,4595,-126374,0.7474530000308732,True,Signature,130969,1,256,3
Dilithium5,127.9,0.054520000048796646,0.36001099988425267,0.2889089998916461,4595,-126374,0.7034399998246954,True,Signature,130969,2,256,3
Dilithium5,127.9,0.04869400004281488,0.3249789999699715,0.2996719999828201,4595,-126374,0.6733449999956065,True,Signature,130969,3,256,3
ML-DSA-44,127.9,0.03744000014194171,0.3205639998213883,0.26557599994703196,2420,-128549,0.623579999910362,True,Signature,130969,1,128,1
ML-DSA-44,127.9,0.021608999986710842,0.28599899997061584,0.4166359999544511,2420,-128549,0.7242439999117778,True,Signature,130969,2,128,1
ML-DSA-44,127.9,0.02804900009323319,0.3086479998728464,0.25926400007847406,2420,-128549,0.5959610000445537,True,Signature,130969,3,128,1
ML-DSA-65,127.9,0.051466000059008365,0.2990180000779219,0.3223670000807033,3309,-127660,0.6728510002176336,True,Signature,130969,1,192,2
ML-DSA-65,127.9,0.04377800019028655,0.5854149999322544,0.5534480001188058,3309,-127660,1.1826410002413468,True,Signature,130969,2,192,2
ML-DSA-65,127.9,0.0747870001305273,0.6502650001039001,0.47480900002483395,3309,-127660,1.1998610002592613,True,Signature,130969,3,192,2
ML-DSA-87,127.9,0.1166170000033162,0.5394330000854097,0.4760499998610612,4627,-126342,1.1320999999497872,True,Signature,130969,1,256,3
ML-DSA-87,127.9,0.07762600012028997,0.5702210000890773,0.4203349999443162,4627,-126342,1.0681820001536835,True,Signature,130969,2,256,3
ML-DSA-87,127.9,0.07105300005605386,0.454258000218033,0.4809799997929076,4627,-126342,1.0062910000669945,True,Signature,130969,3,256,3
Falcon-512,127.9,3.8154940000367787,0.4270370000085677,0.28743099983330467,655,-130314,4.529961999878651,True,Signature,130969,1,128,1
Falcon-512,127.9,3.491090999887092,0.4814829999304493,0.34768499995152524,653,-130316,4.320258999769067,True,Signature,130969,2,128,1
Falcon-512,127.9,3.6111389999859966,0.5390890000853688,0.3130160000637261,654,-130315,4.4632440001350915,True,Signature,130969,3,128,1
Falcon-1024,127.9,30.58298299993112,0.5653870000514871,0.3112549998149916,1270,-129699,31.459624999797597,True,Signature,130969,1,256,3
Falcon-1024,127.9,11.863115999858564,0.6214280001586303,0.34440700005688996,1271,-129698,12.828951000074085,True,Signature,130969,2,256,3
Falcon-1024,127.9,10.999029999993581,0.5559379999340308,0.32515300017621485,1274,-129695,11.880121000103827,True,Signature,130969,3,256,3
Falcon-padded-512,127.9,3.3316980000108742,0.41433100000176637,0.27721199990082823,666,-130303,4.023240999913469,True,Signature,130969,1,128,1
Falcon-padded-512,127.9,5.407253999919703,0.40018599997893034,0.2733029998580605,666,-130303,6.080742999756694,True,Signature,130969,2,128,1
Falcon-padded-512,127.9,4.654973000015161,0.4225129998758348,0.2774479999061441,666,-130303,5.35493399979714,True,Signature,130969,3,128,1
Falcon-padded-1024,127.9,10.878953999963414,0.6004960000609572,0.30640599993603246,1280,-129689,11.785855999960404,True,Signature,130969,1,256,3
Falcon-padded-1024,127.9,13.623974999973143,0.5362690001220471,0.3173449999849254,1280,-129689,14.477589000080116,True,Signature,130969,2,256,3
Falcon-padded-1024,127.9,12.78930900002706,0.5283120001422503,0.29902800019954157,1280,-129689,13.616649000368852,True,Signature,130969,3,256,3
SPHINCS+-SHA2-128f-simple,127.9,0.2497220000350353,6.3201439998010756,0.5171120001250529,17088,-113881,7.086977999961164,True,Signature,130969,1,128,1
SPHINCS+-SHA2-128f-simple,127.9,0.2321869999377668,5.5672539999704895,0.49379899996893073,17088,-113881,6.293239999877187,True,Signature,130969,2,128,1
SPHINCS+-SHA2-128f-simple,127.9,0.23170599979494,5.617134999965856,0.4784499999459513,17088,-113881,6.327290999706747,True,Signature,130969,3,128,1
SPHINCS+-SHA2-128s-simple,127.9,16.912624999804393,125.08162699987224,0.5220619998453913,7856,-123113,142.51631399952203,True,Signature,130969,1,128,1
SPHINCS+-SHA2-128s-simple,127.9,21.173869999984163,127.09409499984758,0.23585500002809567,7856,-123113,148.50381999985984,True,Signature,130969,2,128,1
SPHINCS+-SHA2-128s-simple,127.9,15.687980999928186,134.76413800003684,0.2501569999822095,7856,-123113,150.70227599994723,True,Signature,130969,3,128,1
SPHINCS+-SHA2-192f-simple,127.9,0.36227200007488136,13.332903999980772,0.7839739998871664,35664,-95305,14.47914999994282,True,Signature,130969,1,192,2
SPHINCS+-SHA2-192f-simple,127.9,0.6100109999351844,11.418142999900738,1.0445630000504025,35664,-95305,13.072716999886325,True,Signature,130969,2,192,2
SPHINCS+-SHA2-192f-simple,127.9,0.5760129999998753,9.86397599990596,0.7710429999860935,35664,-95305,11.21103199989193,True,Signature,130969,3,192,2
SPHINCS+-SHA2-192s-simple,127.9,23.50052599990704,224.76095500019255,0.45638300002792676,16224,-114745,248.71786400012752,True,Signature,130969,1,192,2
SPHINCS+-SHA2-192s-simple,127.9,25.231725999901755,240.84884300009435,0.4419239999151614,16224,-114745,266.52249299991126,True,Signature,130969,2,192,2
SPHINCS+-SHA2-192s-simple,127.9,23.446122999985164,245.52870399998028,0.4299229999560339,16224,-114745,269.4047499999215,True,Signature,130969,3,192,2
SPHINCS+-SHA2-256f-simple,127.9,1.6750859999774548,20.205835000069783,0.7840180001039698,49856,-81113,22.664939000151207,True,Signature,130969,1,256,3
SPHINCS+-SHA2-256f-simple,127.9,0.8938329999637062,28.776719999996203,0.7948929999201937,49856,-81113,30.465445999880103,True,Signature,130969,2,256,3
SPHINCS+-SHA2-256f-simple,127.9,0.8911960001114494,26.37304899985793,1.2715709999611136,49856,-81113,28.53581599993049,True,Signature,130969,3,256,3
SPHINCS+-SHA2-256s-simple,127.9,17.20514299995557,218.279573000018,0.5409279999639693,29792,-101177,236.02564399993753,True,Signature,130969,1,256,3
SPHINCS+-SHA2-256s-simple,127.9,17.41338400006498,232.30543499994383,0.5434849999801372,29792,-101177,250.26230399998894,True,Signature,130969,2,256,3
SPHINCS+-SHA2-256s-simple,127.9,14.760157999944568,215.59218500010502,0.5305509998834168,29792,-101177,230.882893999933,True,Signature,130969,3,256,3
SPHINCS+-SHAKE-128f-simple,127.9,0.4258000001300388,12.320120999902429,0.9605539999029133,17088,-113881,13.70647499993538,True,Signature,130969,1,128,1
SPHINCS+-SHAKE-128f-simple,127.9,0.4239439999764727,11.060637000127826,0.9401469999374967,17088,-113881,12.424728000041796,True,Signature,130969,2,128,1
SPHINCS+-SHAKE-128f-simple,127.9,0.42081300011886924,10.830568999836032,0.9436430000278051,17088,-113881,12.195024999982707,True,Signature,130969,3,128,1
SPHINCS+-SHAKE-128s-simple,127.9,32.27454499983651,223.42352400005439,0.5575509999289352,7856,-123113,256.2556199998198,True,Signature,130969,1,128,1
SPHINCS+-SHAKE-128s-simple,127.9,25.89272499994877,219.18734599989875,0.5431280001175764,7856,-123113,245.6231989999651,True,Signature,130969,2,128,1
SPHINCS+-SHAKE-128s-simple,127.9,26.786157000060484,219.12805600004504,0.5415929999799118,7856,-123113,246.45580600008543,True,Signature,130969,3,128,1
SPHINCS+-SHAKE-192f-simple,127.9,0.6100220000462286,18.12602999984847,1.2763160000304197,35664,-95305,20.012367999925118,True,Signature,130969,1,192,2
SPHINCS+-SHAKE-192f-simple,127.9,0.5949940000391507,20.114006000085283,1.2555289999909292,35664,-95305,21.964529000115363,True,Signature,130969,2,192,2
SPHINCS+-SHAKE-192f-simple,127.9,0.6177870000101393,17.73563300002934,1.251344000138488,35664,-95305,19.604764000177965,True,Signature,130969,3,192,2
SPHINCS+-SHAKE-192s-simple,127.9,37.26704999985486,389.8435849998805,0.657474000036018,16224,-114745,427.76810899977136,True,Signature,130969,1,192,2
SPHINCS+-SHAKE-192s-simple,127.9,44.92399499986277,369.9970170000597,1.6280309998819575,16224,-114745,416.54904299980444,True,Signature,130969,2,192,2
SPHINCS+-SHAKE-192s-simple,127.9,45.17184799988172,402.2646840001016,0.705453999898964,16224,-114745,448.1419859998823,True,Signature,130969,3,192,2
SPHINCS+-SHAKE-256f-simple,127.9,1.6654900000503403,33.743565999884595,3.180956000051083,49856,-81113,38.59001199998602,True,Signature,130969,1,256,3
SPHINCS+-SHAKE-256f-simple,127.9,3.7314580001748254,38.46865900004559,1.340243000186092,49856,-81113,43.54036000040651,True,Signature,130969,2,256,3
SPHINCS+-SHAKE-256f-simple,127.9,1.6422420001163118,48.867551000057574,1.3570099999924423,49856,-81113,51.86680300016633,True,Signature,130969,3,256,3
SPHINCS+-SHAKE-256s-simple,127.9,26.256306999812296,341.46890600004554,0.8755799999562441,29792,-101177,368.6007929998141,True,Signature,130969,1,256,3
SPHINCS+-SHAKE-256s-simple,127.9,27.532664999853296,347.98382999997557,0.9006699999645207,29792,-101177,376.4171649997934,True,Signature,130969,2,256,3
SPHINCS+-SHAKE-256s-simple,127.9,26.543142000036823,350.31289200014726,1.2972930001069471,29792,-101177,378.15332700029103,True,Signature,130969,3,256,3
Dilithium2,128.0,0.06391000010808057,0.3467760000148701,0.26480800011086103,2420,-128652,0.6754940002338117,True,Signature,131072,1,128,1
Dilithium2,128.0,0.022252999997363077,0.2951460000986117,0.26944100000036997,2420,-128652,0.5868400000963447,True,Signature,131072,2,128,1
Dilithium2,128.0,0.028124999971623765,0.4933100001380808,0.26789699995788396,2420,-128652,0.7893320000675885,True,Signature,131072,3,128,1
Dilithium3,128.0,0.06030700001247169,0.3286270000444347,0.6153230001473275,3293,-127779,1.004257000204234,True,Signature,131072,1,192,2
Dilithium3,128.0,0.05679400010194513,0.5635420000089653,0.27554199982660066,3293,-127779,0.895877999937511,True,Signature,131072,2,192,2
Dilithium3,128.0,0.03259999994043028,0.295968000045832,0.26933899994219246,3293,-127779,0.5979069999284548,True,Signature,131072,3,192,2
Dilithium5,128.0,0.07315600009860646,0.34783600017362915,0.29003200006627594,4595,-126477,0.7110240003385115,True,Signature,131072,1,256,3
Dilithium5,128.0,0.0531620000856492,0.4428580000421789,0.286349999896629,4595,-126477,0.7823700000244571,True,Signature,131072,2,256,3
Dilithium5,128.0,0.049100999831352965,0.2956880000510864,0.29871500009903684,4595,-126477,0.6435039999814762,True,Signature,131072,3,256,3
ML-DSA-44,128.0,0.035290000141685596,0.3228249997846433,0.2627880001000449,2420,-128652,0.6209030000263738,True,Signature,131072,1,128,1
ML-DSA-44,128.0,0.02170399989154248,0.27094999995824764,0.26141600005757937,2420,-128652,0.5540699999073695,True,Signature,131072,2,128,1
ML-DSA-44,128.0,0.019965000092270202,0.2646560001267062,0.2624940000259812,2420,-128652,0.5471150002449576,True,Signature,131072,3,128,1
ML-DSA-65,128.0,0.05643199983751401,0.33456400001341535,0.2759430001333385,3309,-127763,0.6669389999842679,True,Signature,131072,1,192,2
ML-DSA-65,128.0,0.03347699998812459,0.2872300001399708,0.3141839999898366,3309,-127763,0.634891000117932,True,Signature,131072,2,192,2
ML-DSA-65,128.0,0.037072999930387596,0.42925900015688967,0.27631700004349113,3309,-127763,0.7426490001307684,True,Signature,131072,3,192,2
ML-DSA-87,128.0,0.07110599995030498,0.3337510001983901,0.28704200008178304,4627,-126445,0.6918990002304781,True,Signature,131072,1,256,3
ML-DSA-87,128.0,0.05599899986918899,0.3596930000639986,0.29921899999862944,4627,-126445,0.7149109999318171,True,Signature,131072,2,256,3
ML-DSA-87,128.0,0.05140600001141138,0.41036699985852465,0.29163899989725905,4627,-126445,0.7534119997671951,True,Signature,131072,3,256,3
Falcon-512,128.0,3.865075000021534,0.4202329998861387,0.28991199997108197,657,-130415,4.575219999878755,True,Signature,131072,1,128,1
Falcon-512,128.0,3.5984829999051726,0.4055619999689952,0.2966469999137189,658,-130414,4.300691999787887,True,Signature,131072,2,128,1
Falcon-512,128.0,6.360136000012062,0.4052039998896362,0.2911600001880288,654,-130418,7.056500000089727,True,Signature,131072,3,128,1
Falcon-1024,128.0,11.305224000125236,0.5984679999073705,0.3135849999580387,1264,-129808,12.217276999990645,True,Signature,131072,1,256,3
Falcon-1024,128.0,11.050433000036719,0.5541790001188929,0.33358599989696813,1271,-129801,11.93819800005258,True,Signature,131072,2,256,3
Falcon-1024,128.0,13.253868999981933,0.5369919999793638,0.3403880000405479,1269,-129803,14.131249000001844,True,Signature,131072,3,256,3
Falcon-padded-512,128.0,3.9502810000158206,0.39150399993559404,0.2850819998911902,666,-130406,4.626866999842605,True,Signature,131072,1,128,1
Falcon-padded-512,128.0,4.517287999988184,0.38456800007224956,0.2731940001012845,666,-130406,5.175050000161718,True,Signature,131072,2,128,1
Falcon-padded-512,128.0,4.952333999881375,0.382674000093175,0.28860299994448724,666,-130406,5.623610999919038,True,Signature,131072,3,128,1
Falcon-padded-1024,128.0,15.127906000088842,0.5582809999395977,0.30463899997812405,1280,-129792,15.990826000006564,True,Signature,131072,1,256,3
Falcon-padded-1024,128.0,10.802937000107704,0.5398560001594888,0.30326699993565853,1280,-129792,11.646060000202851,True,Signature,131072,2,256,3
Falcon-padded-1024,128.0,11.160554000070988,0.5643090000830853,0.31042700015859737,1280,-129792,12.03529000031267,True,Signature,131072,3,256,3
SPHINCS+-SHA2-128f-simple,128.0,0.2731449999373581,5.806681999956709,1.0323199999220378,17088,-113984,7.112146999816105,True,Signature,131072,1,128,1
SPHINCS+-SHA2-128f-simple,128.0,0.24804499980746186,5.42706799978987,0.4796360001364519,17088,-113984,6.154748999733783,True,Signature,131072,2,128,1
SPHINCS+-SHA2-128f-simple,128.0,0.23868800008131075,5.380998000191539,0.48360000005231996,17088,-113984,6.10328600032517,True,Signature,131072,3,128,1
SPHINCS+-SHA2-128s-simple,128.0,21.333170000161772,117.61948100001973,0.21943999990980956,7856,-123216,139.1720910000913,True,Signature,131072,1,128,1
SPHINCS+-SHA2-128s-simple,128.0,19.931537000047683,124.0117749998717,0.24075299984360754,7856,-123216,144.184064999763,True,Signature,131072,2,128,1
SPHINCS+-SHA2-128s-simple,128.0,14.740286000005653,125.36763599996448,0.5323149998730514,7856,-123216,140.64023699984318,True,Signature,131072,3,128,1
SPHINCS+-SHA2-192f-simple,128.0,0.7846940000035829,12.185229000124309,0.7599670000217884,35664,-95408,13.72989000014968,True,Signature,131072,1,192,2
SPHINCS+-SHA2-192f-simple,128.0,0.3503660000205855,9.290168000006815,0.7674910000332602,35664,-95408,10.408025000060661,True,Signature,131072,2,192,2
SPHINCS+-SHA2-192f-simple,128.0,0.3343179998864798,9.30242200001885,0.7532909999099502,35664,-95408,10.39003099981528,True,Signature,131072,3,192,2
SPHINCS+-SHA2-192s-simple,128.0,21.305253000036828,238.94627699996818,0.43054000002484827,16224,-114848,260.68207000002985,True,Signature,131072,1,192,2
SPHINCS+-SHA2-192s-simple,128.0,21.73667499982912,241.89746100000775,0.44622299992624903,16224,-114848,264.0803589997631,True,Signature,131072,2,192,2
SPHINCS+-SHA2-192s-simple,128.0,23.898750999933327,240.00610200005212,0.4502770000271994,16224,-114848,264.35513000001265,True,Signature,131072,3,192,2
SPHINCS+-SHA2-256f-simple,128.0,0.9642570000778505,19.031261999998605,0.7947800002057193,49856,-81216,20.790299000282175,True,Signature,131072,1,256,3
SPHINCS+-SHA2-256f-simple,128.0,0.8892790001482354,23.182272999974884,0.7898600001681189,49856,-81216,24.86141200029124,True,Signature,131072,2,256,3
SPHINCS+-SHA2-256f-simple,128.0,0.88149499993051,19.79194099999404,0.7947330000206421,49856,-81216,21.468168999945192,True,Signature,131072,3,256,3
SPHINCS+-SHA2-256s-simple,128.0,14.983681000103388,208.02920400001312,0.5360099999052181,29792,-101280,223.54889500002173,True,Signature,131072,1,256,3
SPHINCS+-SHA2-256s-simple,128.0,14.081378000128097,202.3514069999237,0.5483630000071571,29792,-101280,216.98114800005897,True,Signature,131072,2,256,3
SPHINCS+-SHA2-256s-simple,128.0,14.899335999871255,216.9339930001115,0.536087000000407,29792,-101280,232.36941599998318,True,Signature,131072,3,256,3
SPHINCS+-SHAKE-128f-simple,128.0,0.43691599989870156,9.739447999891127,0.9201289999509754,17088,-113984,11.096492999740803,True,Signature,131072,1,128,1
SPHINCS+-SHAKE-128f-simple,128.0,0.3963700000895187,9.844233999956487,0.929832999872815,17088,-113984,11.17043699991882,True,Signature,131072,2,128,1
SPHINCS+-SHAKE-128f-simple,128.0,0.39676899996266,9.965211999997337,0.9178610000617482,17088,-113984,11.279842000021745,True,Signature,131072,3,128,1
SPHINCS+-SHAKE-128s-simple,128.0,27.968598000143174,225.92446299995572,0.5744469999626745,7856,-123216,254.46750800006157,True,Signature,131072,1,128,1
SPHINCS+-SHAKE-128s-simple,128.0,31.425473000126658,224.5217679999314,0.5360320001273067,7856,-123216,256.48327300018536,True,Signature,131072,2,128,1
SPHINCS+-SHAKE-128s-simple,128.0,25.349473000005673,214.61268799998834,1.0797909999382682,7856,-123216,241.04195199993228,True,Signature,131072,3,128,1
SPHINCS+-SHAKE-192f-simple,128.0,0.6091850000302657,18.330466000179513,1.2402950001160207,35664,-95408,20.1799460003258,True,Signature,131072,1,192,2
SPHINCS+-SHAKE-192f-simple,128.0,0.5936699999438133,15.501131999826612,1.2991609999062348,35664,-95408,17.39396299967666,True,Signature,131072,2,192,2
SPHINCS+-SHAKE-192f-simple,128.0,0.6067859999348002,15.488410999978441,1.234861999819259,35664,-95408,17.3300589997325,True,Signature,131072,3,192,2
SPHINCS+-SHAKE-192s-simple,128.0,42.99926399994547,377.8095080001549,0.674866000053953,16224,-114848,421.4836380001543,True,Signature,131072,1,192,2
SPHINCS+-SHAKE-192s-simple,128.0,41.068838999990476,380.7233689999521,0.6367250000494096,16224,-114848,422.42893299999196,True,Signature,131072,2,192,2
SPHINCS+-SHAKE-192s-simple,128.0,41.118506999964666,390.3749119999702,0.7175700000061624,16224,-114848,432.21098899994104,True,Signature,131072,3,192,2
SPHINCS+-SHAKE-256f-simple,128.0,1.6628819998913968,33.44847900007153,1.343512999937957,49856,-81216,36.45487399990088,True,Signature,131072,1,256,3
SPHINCS+-SHAKE-256f-simple,128.0,1.653606999980184,44.08898700012287,1.3420569998743304,49856,-81216,47.084650999977384,True,Signature,131072,2,256,3
SPHINCS+-SHAKE-256f-simple,128.0,1.650607999863496,42.64633299999332,1.3831789999585453,49856,-81216,45.68011999981536,True,Signature,131072,3,256,3
SPHINCS+-SHAKE-256s-simple,128.0,27.375597999935053,364.3965579999531,0.8716689999346272,29792,-101280,392.64382499982275,True,Signature,131072,1,256,3
SPHINCS+-SHAKE-256s-simple,128.0,35.672721000082674,361.4956379999512,1.953469000000041,29792,-101280,399.12182800003393,True,Signature,131072,2,256,3
SPHINCS+-SHAKE-256s-simple,128.0,37.69458100009615,349.1202019999946,0.8840310001687612,29792,-101280,387.6988140002595,True,Signature,131072,3,256,3
